{"data":[{"file":{"image":"bgEffect_025.png","imgcut":"bgEffect_025.imgcut","model":"bgEffect_025_00.mamodel","anime":"bgEffect_025_00_0.maanim"},"name":"窓光","equallySpaced":{"pos1":"0","pos2":"18","value":"240","base":"default"},"count":{"value":1},"x":{"value":-914},"y":{"value":100},"z":{"value":0,"base":"backChara"},"scale":{"value":5},"frame":{"value":0}},{"file":{"image":"bgEffect_025.png","imgcut":"bgEffect_025.imgcut","model":"bgEffect_025_00.mamodel","anime":"bgEffect_025_00_0.maanim"},"name":"窓光","equallySpaced":{"pos1":"0","pos2":"18","value":"240","base":"default"},"count":{"value":1},"x":{"value":-914},"y":{"value":700},"z":{"value":0,"base":"backChara"},"scale":{"value":5},"scaleY":{"value":-1},"alpha":{"value":50},"frame":{"value":0}},{"file":{"image":"bgEffect_022.png","imgcut":"bgEffect_022.imgcut","model":"bgEffect_022_00.mamodel","anime":"bgEffect_022_00_0.maanim"},"name":"汎用ゾンビ霧（明）薄め紫","count":{"value":30},"x":{"value":500,"base":"worldRight"},"startX":{"min":{"value":-100,"base":"worldLeft"},"max":{"value":500,"base":"worldRight"}},"y":{"min":{"value":300},"max":{"value":400}},"z":{"value":0,"base":"backChara"},"scale":{"value":2},"angle":{"min":{"value":0},"max":{"value":360}},"alpha":{"min":{"value":80},"max":{"value":100}},"vx":{"min":{"value":-10,"base":"secondToFrame"},"max":{"value":-20,"base":"secondToFrame"}},"destroyLeft":{"value":0,"base":"worldLeft"},"frame":{"value":0}},{"file":{"image":"bg102.png","imgcut":"bg06.imgcut","model":"bg06_03.mamodel","anime":"bg06_03.maanim"},"name":"「フィリバスター」エフェクト『地表もや』","count":{"value":10},"x":{"value":500,"base":"worldRight"},"startX":{"min":{"value":-100,"base":"worldLeft"},"max":{"value":500,"base":"worldRight"}},"y":{"min":{"value":100,"base":"worldBottom"},"max":{"value":0,"base":"worldBottom"}},"z":{"value":0,"base":"backChara"},"scale":{"value":2},"angle":{"min":{"value":0},"max":{"value":360}},"alpha":{"value":50},"vx":{"min":{"value":-10,"base":"secondToFrame"},"max":{"value":-20,"base":"secondToFrame"}},"destroyLeft":{"value":0,"base":"worldLeft"},"frame":{"value":0}}]}