{"data":[{"file":{"image":"bgEffect_001.png","imgcut":"bgEffect_001.imgcut","model":"bgEffect_001_00.mamodel","anime":"bgEffect_001_01_0.maanim"},"name":"雨粒1","count":{"value":5},"x":{"min":{"value":200,"base":"worldLeft"},"max":{"value":200,"base":"worldRight"}},"y":{"min":{"value":-100,"base":"worldTop"},"max":{"value":0,"base":"worldBottom"}},"z":{"value":0,"base":"frontChara"},"scale":{"min":{"value":0.2},"max":{"value":0.4}},"vx":{"value":-100},"vy":{"value":100},"destroyLeft":{"value":100,"base":"worldLeft"},"destroyRight":{"value":0,"base":"worldRight"},"destroyBottom":{"value":100,"base":"worldBottom"},"frame":{"value":0}},{"file":{"image":"bgEffect_001.png","imgcut":"bgEffect_001.imgcut","model":"bgEffect_001_01.mamodel","anime":"bgEffect_001_01_0.maanim"},"name":"雨粒2","count":{"value":20},"x":{"min":{"value":200,"base":"worldLeft"},"max":{"value":500,"base":"worldRight"}},"y":{"min":{"value":-100,"base":"worldTop"},"max":{"value":0,"base":"worldBottom"}},"z":{"value":0,"base":"frontChara"},"scale":{"min":{"value":0.3},"max":{"value":1}},"vx":{"value":-100},"vy":{"value":100},"destroyLeft":{"value":100,"base":"worldLeft"},"destroyRight":{"value":0,"base":"worldRight"},"destroyBottom":{"value":100,"base":"worldBottom"},"frame":{"value":0}},{"file":{"image":"bgEffect_001.png","imgcut":"bgEffect_001.imgcut","model":"bgEffect_001_02.mamodel","anime":"bgEffect_001_02_0.maanim"},"name":"砂埃","count":{"value":10},"x":{"min":{"value":100,"base":"worldLeft"},"max":{"value":500,"base":"worldRight"}},"y":{"min":{"value":500},"max":{"value":600}},"z":{"value":0,"base":"frontChara"},"scale":{"min":{"value":2},"max":{"value":4}},"alpha":{"value":25},"v":{"min":{"value":-20},"max":{"value":-30}},"destroyLeft":{"value":-300,"base":"worldLeft"},"frame":{"value":0},"wait":{"value":60}}]}