{"data":[{"file":{"image":"bgEffect_005.png","imgcut":"bgEffect_005.imgcut","model":"bgEffect_005_00.mamodel","anime":"bgEffect_005_00_0.maanim"},"name":"砂埃","count":{"min":{"value":10},"max":{"value":30}},"x":{"value":0,"base":"worldLeft"},"startX":{"min":{"value":0,"base":"worldLeft"},"max":{"value":0,"base":"worldRight"}},"y":{"min":{"value":600},"max":{"value":800}},"z":{"value":0,"base":"frontChara"},"scale":{"min":{"value":2},"max":{"value":4}},"alpha":{"min":{"value":50},"max":{"value":100}},"vx":{"min":{"value":80,"base":"secondToFrame"},"max":{"value":200,"base":"secondToFrame"}},"destroyRight":{"value":300,"base":"worldRight"},"frame":{"value":0},"wait":{"value":60}}]}