{"data":[{"file":{"image":"bgEffect_005.png","imgcut":"bgEffect_005.imgcut","model":"bgEffect_008_00.mamodel","anime":"bgEffect_008_00_0.maanim"},"name":"湯気湯船　普通","count":{"value":4},"x":{"min":{"value":300},"max":{"value":700}},"y":{"min":{"value":330},"max":{"value":360}},"z":{"value":0,"base":"backChara"},"scale":{"min":{"value":0.6},"max":{"value":0.8}},"alpha":{"min":{"value":60},"max":{"value":100}},"frame":{"value":10}},{"file":{"image":"bgEffect_005.png","imgcut":"bgEffect_005.imgcut","model":"bgEffect_008_00.mamodel","anime":"bgEffect_008_00_1.maanim"},"name":"湯気湯船　スロー","count":{"value":5},"x":{"min":{"value":300},"max":{"value":700}},"y":{"min":{"value":300},"max":{"value":370}},"z":{"value":0,"base":"backChara"},"scale":{"min":{"value":0.6},"max":{"value":0.8}},"alpha":{"min":{"value":70},"max":{"value":150}},"frame":{"value":10}},{"file":{"image":"bgEffect_005.png","imgcut":"bgEffect_005.imgcut","model":"bgEffect_008_00.mamodel","anime":"bgEffect_008_00_2.maanim"},"name":"湯気Y移動","count":{"value":5},"x":{"min":{"value":300},"max":{"value":700}},"y":{"min":{"value":400},"max":{"value":200}},"z":{"value":0,"base":"frontChara"},"scale":{"min":{"value":0.9},"max":{"value":1.5}},"angle":{"min":{"value":0},"max":{"value":360}},"angularV":{"min":{"value":0},"max":{"value":0.5}},"alpha":{"min":{"value":30},"max":{"value":50}},"vy":{"min":{"value":0},"max":{"value":-1}},"frame":{"value":0},"startFrame":{"value":15},"lifeTime":{"value":210}},{"file":{"image":"bgEffect_005.png","imgcut":"bgEffect_005.imgcut","model":"bgEffect_008_00.mamodel","anime":"bgEffect_008_00_0.maanim"},"name":"湯気湯船　普通","count":{"value":4},"x":{"min":{"value":1200},"max":{"value":1650}},"y":{"min":{"value":330},"max":{"value":360}},"z":{"value":0,"base":"backChara"},"scale":{"min":{"value":0.6},"max":{"value":0.8}},"alpha":{"min":{"value":60},"max":{"value":100}},"frame":{"value":10}},{"file":{"image":"bgEffect_005.png","imgcut":"bgEffect_005.imgcut","model":"bgEffect_008_00.mamodel","anime":"bgEffect_008_00_1.maanim"},"name":"湯気湯船　スロー","count":{"value":5},"x":{"min":{"value":1150},"max":{"value":1700}},"y":{"min":{"value":300},"max":{"value":370}},"z":{"value":0,"base":"backChara"},"scale":{"min":{"value":0.6},"max":{"value":0.8}},"alpha":{"min":{"value":70},"max":{"value":150}},"frame":{"value":10}},{"file":{"image":"bgEffect_005.png","imgcut":"bgEffect_005.imgcut","model":"bgEffect_008_00.mamodel","anime":"bgEffect_008_00_2.maanim"},"name":"湯気Y移動","count":{"value":5},"x":{"min":{"value":1120},"max":{"value":1700}},"y":{"min":{"value":400},"max":{"value":200}},"z":{"value":0,"base":"frontChara"},"scale":{"min":{"value":0.9},"max":{"value":1.5}},"angle":{"min":{"value":0},"max":{"value":360}},"angularV":{"min":{"value":0},"max":{"value":0.5}},"alpha":{"min":{"value":30},"max":{"value":50}},"vy":{"min":{"value":0},"max":{"value":-1}},"frame":{"value":0},"startFrame":{"value":15},"lifeTime":{"value":210}},{"file":{"image":"bgEffect_005.png","imgcut":"bgEffect_005.imgcut","model":"bgEffect_008_00.mamodel","anime":"bgEffect_008_00_0.maanim"},"name":"湯気湯船　普通","count":{"value":4},"x":{"min":{"value":2170},"max":{"value":2600}},"y":{"min":{"value":330},"max":{"value":360}},"z":{"value":0,"base":"backChara"},"scale":{"min":{"value":0.6},"max":{"value":0.8}},"alpha":{"min":{"value":60},"max":{"value":100}},"frame":{"value":10}},{"file":{"image":"bgEffect_005.png","imgcut":"bgEffect_005.imgcut","model":"bgEffect_008_00.mamodel","anime":"bgEffect_008_00_1.maanim"},"name":"湯気湯船　スロー","count":{"value":5},"x":{"min":{"value":2110},"max":{"value":2650}},"y":{"min":{"value":300},"max":{"value":370}},"z":{"value":0,"base":"backChara"},"scale":{"min":{"value":0.6},"max":{"value":0.8}},"alpha":{"min":{"value":70},"max":{"value":150}},"frame":{"value":10}},{"file":{"image":"bgEffect_005.png","imgcut":"bgEffect_005.imgcut","model":"bgEffect_008_00.mamodel","anime":"bgEffect_008_00_2.maanim"},"name":"湯気Y移動","count":{"value":5},"x":{"min":{"value":2100},"max":{"value":2700}},"y":{"min":{"value":400},"max":{"value":200}},"z":{"value":0,"base":"frontChara"},"scale":{"min":{"value":0.9},"max":{"value":1.5}},"angle":{"min":{"value":0},"max":{"value":360}},"angularV":{"min":{"value":0},"max":{"value":0.5}},"alpha":{"min":{"value":30},"max":{"value":50}},"vy":{"min":{"value":0},"max":{"value":-1}},"frame":{"value":0},"startFrame":{"value":15},"lifeTime":{"value":210}}]}