{"data":[{"file":{"image":"bgEffect_016.png","imgcut":"bgEffect_016.imgcut","model":"bgEffect_016.mamodel","anime":"bgEffect_016_00_1.maanim"},"name":"3人セット","equallySpaced":{"pos1":"0","pos2":"5","value":"141","base":"default"},"count":{"value":1},"x":{"value":408},"y":{"value":-27},"z":{"value":0,"base":"backChara"},"scale":{"value":0.75},"frame":{"value":0}},{"file":{"image":"bgEffect_016.png","imgcut":"bgEffect_016.imgcut","model":"bgEffect_016.mamodel","anime":"bgEffect_016_00_1.maanim"},"name":"3人セット","equallySpaced":{"pos1":"0","pos2":"6","value":"107","base":"default"},"count":{"value":1},"x":{"value":1367},"y":{"value":-27},"z":{"value":0,"base":"backChara"},"scale":{"value":0.75},"frame":{"value":0}},{"file":{"image":"bgEffect_016.png","imgcut":"bgEffect_016.imgcut","model":"bgEffect_016.mamodel","anime":"bgEffect_016_00_1.maanim"},"name":"3人セット","equallySpaced":{"pos1":"0","pos2":"3","value":"142","base":"default"},"count":{"value":1},"x":{"value":-303},"y":{"value":-27},"z":{"value":0,"base":"backChara"},"scale":{"value":0.75},"frame":{"value":0}},{"file":{"image":"bgEffect_016.png","imgcut":"bgEffect_016.imgcut","model":"bgEffect_016.mamodel","anime":"bgEffect_016_00_2.maanim"},"name":"2人セット","equallySpaced":{"pos1":"0","pos2":"4","value":"247","base":"default"},"count":{"value":1},"x":{"value":-188},"y":{"value":-7},"z":{"value":0,"base":"backChara"},"scale":{"value":0.9},"scaleX":{"value":-1},"frame":{"value":0}},{"file":{"image":"bgEffect_016.png","imgcut":"bgEffect_016.imgcut","model":"bgEffect_016.mamodel","anime":"bgEffect_016_00_2.maanim"},"name":"2人セット","equallySpaced":{"pos1":"0","pos2":"4","value":"250","base":"default"},"count":{"value":1},"x":{"value":1014},"y":{"value":-7},"z":{"value":0,"base":"backChara"},"scale":{"value":0.9},"scaleX":{"value":-1},"frame":{"value":0}},{"file":{"image":"bgEffect_016.png","imgcut":"bgEffect_016.imgcut","model":"bgEffect_016.mamodel","anime":"bgEffect_016_00_0.maanim"},"name":"1人白","equallySpaced":{"pos1":"0","pos2":"20","value":"120","base":"default"},"count":{"value":1},"x":{"value":-145},"y":{"value":11},"z":{"value":0,"base":"backChara"},"scale":{"value":0.9},"frame":{"value":0}},{"file":{"image":"bgEffect_016.png","imgcut":"bgEffect_016.imgcut","model":"bgEffect_016.mamodel","anime":"bgEffect_016_00_3.maanim"},"name":"2人セット2","equallySpaced":{"pos1":"0","pos2":"20","value":"120","base":"default"},"count":{"value":1},"x":{"value":-100},"y":{"value":9},"z":{"value":0,"base":"backChara"},"scale":{"value":0.9},"frame":{"value":0}},{"file":{"image":"bgEffect_016.png","imgcut":"bgEffect_016.imgcut","model":"bgEffect_016.mamodel","anime":"bgEffect_016_00_1.maanim"},"name":"3人セット","equallySpaced":{"pos1":"0","pos2":"4","value":"500","base":"default"},"count":{"value":1},"x":{"value":-50},"y":{"value":72},"z":{"value":0,"base":"backChara"},"scaleX":{"value":-0.75},"scaleY":{"value":0.75},"frame":{"value":0}},{"file":{"image":"bgEffect_016.png","imgcut":"bgEffect_016.imgcut","model":"bgEffect_016.mamodel","anime":"bgEffect_016_00_3.maanim"},"name":"2人セット2","equallySpaced":{"pos1":"0","pos2":"4","value":"140","base":"default"},"count":{"value":1},"x":{"value":505},"y":{"value":82},"z":{"value":0,"base":"backChara"},"scale":{"value":0.9},"frame":{"value":0}},{"file":{"image":"bgEffect_016.png","imgcut":"bgEffect_016.imgcut","model":"bgEffect_016.mamodel","anime":"bgEffect_016_00_3.maanim"},"name":"2人セット2","equallySpaced":{"pos1":"0","pos2":"5","value":"108","base":"default"},"count":{"value":1},"x":{"value":1456},"y":{"value":82},"z":{"value":0,"base":"backChara"},"scale":{"value":0.9},"frame":{"value":0}},{"file":{"image":"bgEffect_016.png","imgcut":"bgEffect_016.imgcut","model":"bgEffect_016.mamodel","anime":"bgEffect_016_00_1.maanim"},"name":"3人セット","equallySpaced":{"pos1":"0","pos2":"5","value":"120","base":"default"},"count":{"value":1},"x":{"value":1325},"y":{"value":97},"z":{"value":0,"base":"backChara"},"scale":{"value":0.8},"frame":{"value":0}},{"file":{"image":"bgEffect_016.png","imgcut":"bgEffect_016.imgcut","model":"bgEffect_016.mamodel","anime":"bgEffect_016_00_2.maanim"},"name":"2人セット","equallySpaced":{"pos1":"0","pos2":"7","value":"100","base":"default"},"count":{"value":1},"x":{"value":435},"y":{"value":98},"z":{"value":0,"base":"backChara"},"scale":{"value":0.8},"scaleX":{"value":-1},"frame":{"value":0}},{"file":{"image":"bgEffect_016.png","imgcut":"bgEffect_016.imgcut","model":"bgEffect_016.mamodel","anime":"bgEffect_016_00_1.maanim"},"name":"3人セット","equallySpaced":{"pos1":"0","pos2":"2","value":"180","base":"default"},"count":{"value":1},"x":{"value":-280},"y":{"value":98},"z":{"value":0,"base":"backChara"},"scale":{"value":0.8},"frame":{"value":0}},{"file":{"image":"bgEffect_016.png","imgcut":"bgEffect_016.imgcut","model":"bgEffect_016.mamodel","anime":"bgEffect_016_00_5.maanim"},"name":"1人黒","equallySpaced":{"pos1":"0","pos2":"8","value":"90","base":"default"},"count":{"value":1},"x":{"value":395},"y":{"value":200},"z":{"value":0,"base":"backChara"},"scale":{"value":0.8},"frame":{"value":0}},{"file":{"image":"bgEffect_016.png","imgcut":"bgEffect_016.imgcut","model":"bgEffect_016.mamodel","anime":"bgEffect_016_00_1.maanim"},"name":"3人セット","equallySpaced":{"pos1":"0","pos2":"3","value":"145","base":"default"},"count":{"value":1},"x":{"value":1397},"y":{"value":200},"z":{"value":0,"base":"backChara"},"scale":{"value":0.9},"frame":{"value":0}},{"file":{"image":"bgEffect_016.png","imgcut":"bgEffect_016.imgcut","model":"bgEffect_016.mamodel","anime":"bgEffect_016_00_2.maanim"},"name":"2人セット","equallySpaced":{"pos1":"0","pos2":"7","value":"105","base":"default"},"count":{"value":1},"x":{"value":-585},"y":{"value":200},"z":{"value":0,"base":"backChara"},"scale":{"value":0.9},"frame":{"value":0}},{"file":{"image":"bgEffect_016.png","imgcut":"bgEffect_016.imgcut","model":"bgEffect_016.mamodel","anime":"bgEffect_016_00_6.maanim"},"name":"1人緑","equallySpaced":{"pos1":"0","pos2":"3","value":"180","base":"default"},"count":{"value":1},"x":{"value":500},"y":{"value":222},"z":{"value":0,"base":"backChara"},"frame":{"value":0}},{"file":{"image":"bgEffect_016.png","imgcut":"bgEffect_016.imgcut","model":"bgEffect_016.mamodel","anime":"bgEffect_016_00_2.maanim"},"name":"2人セット","equallySpaced":{"pos1":"0","pos2":"4","value":"150","base":"default"},"count":{"value":1},"x":{"value":420},"y":{"value":224},"z":{"value":0,"base":"backChara"},"scale":{"value":0.9},"frame":{"value":0}},{"file":{"image":"bgEffect_016.png","imgcut":"bgEffect_016.imgcut","model":"bgEffect_016.mamodel","anime":"bgEffect_016_00_1.maanim"},"name":"3人セット","equallySpaced":{"pos1":"0","pos2":"6","value":"400","base":"default"},"count":{"value":1},"x":{"value":-220},"y":{"value":231},"z":{"value":0,"base":"backChara"},"scale":{"value":0.9},"scaleX":{"value":-0.9},"frame":{"value":0}},{"file":{"image":"bgEffect_016.png","imgcut":"bgEffect_016.imgcut","model":"bgEffect_016.mamodel","anime":"bgEffect_016_00_4.maanim"},"name":"1人紫","equallySpaced":{"pos1":"0","pos2":"12","value":"150","base":"default"},"count":{"value":1},"x":{"value":150},"y":{"value":237},"z":{"value":0,"base":"backChara"},"frame":{"value":0}}]}