{"data":[{"file":{"image":"bgEffect_019.png","imgcut":"bgEffect_019.imgcut","model":"bgEffect_019_00.mamodel","anime":"bgEffect_019_00_0.maanim"},"name":"手前","count":{"value":1},"x":{"min":{"value":-500,"base":"worldLeft"},"max":{"value":0,"base":"worldRight"}},"y":{"min":{"value":-100},"max":{"value":-150}},"z":{"value":0,"base":"frontChara"},"scale":{"value":2.3},"alpha":{"min":{"value":100},"max":{"value":150}},"frame":{"value":0}},{"file":{"image":"bgEffect_019.png","imgcut":"bgEffect_019.imgcut","model":"bgEffect_019_00.mamodel","anime":"bgEffect_019_00_1.maanim"},"name":"手前","count":{"value":2},"x":{"min":{"value":-600,"base":"worldLeft"},"max":{"value":0,"base":"worldRight"}},"y":{"min":{"value":-80},"max":{"value":-120}},"z":{"value":0,"base":"frontChara"},"scale":{"value":2.3},"alpha":{"min":{"value":100},"max":{"value":255}},"frame":{"value":0}},{"file":{"image":"bgEffect_019.png","imgcut":"bgEffect_019.imgcut","model":"bgEffect_019_00.mamodel","anime":"bgEffect_019_00_1.maanim"},"name":"奥","count":{"value":5},"x":{"min":{"value":-500,"base":"worldLeft"},"max":{"value":0,"base":"worldRight"}},"y":{"min":{"value":0},"max":{"value":-100}},"z":{"value":0,"base":"backChara"},"scale":{"value":1.8},"alpha":{"min":{"value":20},"max":{"value":50}},"frame":{"value":0}},{"file":{"image":"bgEffect_019.png","imgcut":"bgEffect_019.imgcut","model":"bgEffect_019_00.mamodel","anime":"bgEffect_019_00_0.maanim"},"name":"大　最手前","count":{"value":3},"x":{"min":{"value":-500,"base":"worldLeft"},"max":{"value":0,"base":"worldRight"}},"y":{"value":-200,"base":"worldTop"},"z":{"value":0,"base":"frontChara"},"scale":{"value":5},"alpha":{"min":{"value":50},"max":{"value":70}},"frame":{"value":0}}]}