14,-1,-1,-1,-1,				//マップ番号(0～17)，アイテム報酬型ステージ設定(-1:OFF)，スコア報酬型ステージ設定(-1:OFF)，ステージ表示タイミング，プレイ可能タイミング，
6,					//マップ番号によるマップパターン(0～3)，
50,1500,3,99,33,5,1135,1,-1,		//1ステージ
75,2250,31,99,32,10,1135,1,-1,		//2ステージ
100,3000,3,99,31,25,1135,1,-1,		//3ステージ
120,3600,30,100,30,50,1135,1,-1,		//4ステージ
150,4500,3,99,33,75,1135,1,-1,		//5ステージ


//まどマギコラボステージ（続・魔法少女になってよ）
//消費統率力			0
//クリア時の獲得XP		1
//サウンド（スタート時）	2
//サウンド ボス出現時の城体力％	3
//サウンド（ボス）		4
//アイテム入手確率		0～100%
//アイテム番号	0:スピードアップ	1:トレジャーレーダー	2:ネコボン	3:ニャンピュータ	4：おかめはちもく	5:スニャイパー	6:XP	11:にゃんこチケット	12：レアチケット	1000自衛隊キャラクター
//貰える数		0