{"data":[{"file":{"image":"bgEffect_009.png","imgcut":"bgEffect_009.imgcut","model":"bgEffect_009_00.mamodel","anime":"bgEffect_009_00_0.maanim"},"name":"太陽","count":{"value":1},"x":{"value":500},"y":{"value":-200},"z":{"value":0,"base":"backChara"},"scale":{"value":3},"frame":{"value":0}},{"file":{"image":"bgEffect_024.png","imgcut":"bgEffect_024.imgcut","model":"bgEffect_024_00.mamodel","anime":"bgEffect_024_00_0.maanim"},"name":"土埃1　地面","count":{"value":60},"x":{"value":-200,"base":"worldLeft"},"startX":{"min":{"value":0,"base":"worldLeft"},"max":{"value":0,"base":"worldRight"}},"y":{"min":{"value":300},"max":{"value":550}},"z":{"value":0,"base":"frontChara"},"scale":{"min":{"value":2},"max":{"value":4}},"alpha":{"value":35},"v":{"min":{"value":20,"base":"secondToFrame"},"max":{"value":500,"base":"secondToFrame"}},"destroyRight":{"value":200,"base":"worldRight"},"frame":{"value":0}},{"file":{"image":"bgEffect_024.png","imgcut":"bgEffect_024.imgcut","model":"bgEffect_024_00.mamodel","anime":"bgEffect_024_00_1.maanim"},"name":"土埃2　全体","count":{"value":70},"x":{"value":-200,"base":"worldLeft"},"startX":{"min":{"value":0,"base":"worldLeft"},"max":{"value":0,"base":"worldRight"}},"y":{"min":{"value":-400},"max":{"value":1000}},"z":{"value":0,"base":"frontChara"},"scale":{"min":{"value":5},"max":{"value":10}},"alpha":{"value":20},"v":{"min":{"value":400,"base":"secondToFrame"},"max":{"value":50,"base":"secondToFrame"}},"destroyRight":{"value":300,"base":"worldRight"},"startFrame":{"min":{"value":0},"max":{"value":20}}},{"file":{"image":"bgEffect_024.png","imgcut":"bgEffect_024.imgcut","model":"bgEffect_024_00.mamodel","anime":"bgEffect_024_00_2.maanim"},"name":"土埃1　地面","count":{"value":80},"x":{"value":-200,"base":"worldLeft"},"startX":{"min":{"value":0,"base":"worldLeft"},"max":{"value":0,"base":"worldRight"}},"y":{"min":{"value":0},"max":{"value":230}},"z":{"value":0,"base":"backChara"},"scale":{"min":{"value":2},"max":{"value":4}},"alpha":{"value":100},"v":{"min":{"value":10,"base":"secondToFrame"},"max":{"value":400,"base":"secondToFrame"}},"destroyRight":{"value":300,"base":"worldRight"},"startFrame":{"min":{"value":0},"max":{"value":20}}},{"file":{"image":"bgEffect_024.png","imgcut":"bgEffect_024.imgcut","model":"bgEffect_024_00.mamodel","anime":"bgEffect_024_00_3.maanim"},"name":"土埃1　地面","count":{"value":40},"x":{"value":-200,"base":"worldLeft"},"startX":{"min":{"value":0,"base":"worldLeft"},"max":{"value":0,"base":"worldRight"}},"y":{"min":{"value":0},"max":{"value":230}},"z":{"value":0,"base":"backChara"},"scale":{"min":{"value":2},"max":{"value":4}},"alpha":{"value":25},"v":{"min":{"value":30,"base":"secondToFrame"},"max":{"value":400,"base":"secondToFrame"}},"destroyRight":{"value":200,"base":"worldRight"},"frame":{"value":0}},{"file":{"image":"bgEffect_009.png","imgcut":"bgEffect_009.imgcut","model":"bgEffect_009_00.mamodel","anime":"bgEffect_009_00_0.maanim"},"name":"太陽","count":{"value":1},"x":{"value":500},"y":{"value":-200},"z":{"value":0,"base":"backChara"},"scale":{"value":10},"alpha":{"value":100},"frame":{"value":0}}]}