{"data":[{"file":{"image":"bgEffect_017.png","imgcut":"bgEffect_017.imgcut","model":"bgEffect_017_00.mamodel","anime":"bgEffect_017_00_1.maanim"},"name":"スケールで消える塵","count":{"value":20},"x":{"min":{"value":0,"base":"worldLeft"},"max":{"value":0,"base":"worldRight"}},"y":{"min":{"value":-400,"base":"worldBottom"},"max":{"value":0,"base":"worldBottom"}},"z":{"value":0,"base":"frontChara"},"scale":{"min":{"value":1},"max":{"value":1.4}},"angle":{"min":{"value":-10},"max":{"value":10}},"alpha":{"value":255},"vx":{"value":0.5},"vy":{"min":{"value":-60,"base":"secondToFrame"},"max":{"value":-40,"base":"secondToFrame"}},"destroyTop":{"min":{"value":0,"base":"worldTop"},"max":{"value":200,"base":"worldTop"}},"frame":{"value":500},"lifeTime":{"value":92,"base":"animeInterval"}},{"file":{"image":"bgEffect_017.png","imgcut":"bgEffect_017.imgcut","model":"bgEffect_017_00.mamodel","anime":"bgEffect_017_00_0.maanim"},"name":"ゆっくり消える塵","count":{"value":60},"x":{"min":{"value":0,"base":"worldLeft"},"max":{"value":0,"base":"worldRight"}},"y":{"min":{"value":-600,"base":"worldBottom"},"max":{"value":0,"base":"worldBottom"}},"z":{"value":0,"base":"frontChara"},"scale":{"min":{"value":1},"max":{"value":1}},"angle":{"min":{"value":-10},"max":{"value":10}},"alpha":{"min":{"value":40},"max":{"value":255}},"vx":{"value":0.5},"vy":{"min":{"value":-50,"base":"secondToFrame"},"max":{"value":-30,"base":"secondToFrame"}},"destroyTop":{"min":{"value":0,"base":"worldTop"},"max":{"value":100,"base":"worldTop"}},"frame":{"min":{"value":0},"max":{"value":-20}},"lifeTime":{"value":100,"base":"animeInterval"}},{"file":{"image":"bgEffect_017.png","imgcut":"bgEffect_017.imgcut","model":"bgEffect_017_00.mamodel","anime":"bgEffect_017_00_2.maanim"},"name":"ずっと表示される塵","count":{"value":30},"x":{"min":{"value":0,"base":"worldLeft"},"max":{"value":0,"base":"worldRight"}},"y":{"min":{"value":-500,"base":"worldBottom"},"max":{"value":0,"base":"worldBottom"}},"z":{"value":0,"base":"frontChara"},"scale":{"min":{"value":1},"max":{"value":1}},"angle":{"min":{"value":-10},"max":{"value":10}},"alpha":{"min":{"value":40},"max":{"value":255}},"vx":{"value":0.5},"vy":{"min":{"value":-60,"base":"secondToFrame"},"max":{"value":-40,"base":"secondToFrame"}},"destroyTop":{"min":{"value":0,"base":"worldTop"},"max":{"value":200,"base":"worldTop"}},"frame":{"min":{"value":0},"max":{"value":-20}},"lifeTime":{"value":200,"base":"animeLength"}},{"file":{"image":"bgEffect_017.png","imgcut":"bgEffect_017.imgcut","model":"bgEffect_017_00.mamodel","anime":"bgEffect_017_00_3.maanim"},"name":"切り出しアニメする塵","count":{"value":15},"x":{"min":{"value":0,"base":"worldLeft"},"max":{"value":0,"base":"worldRight"}},"y":{"min":{"value":-500,"base":"worldBottom"},"max":{"value":0,"base":"worldBottom"}},"z":{"value":0,"base":"frontChara"},"scale":{"min":{"value":1},"max":{"value":2}},"angle":{"min":{"value":0},"max":{"value":20}},"alpha":{"min":{"value":40},"max":{"value":255}},"vx":{"value":0.5},"vy":{"min":{"value":-60,"base":"secondToFrame"},"max":{"value":-40,"base":"secondToFrame"}},"destroyTop":{"min":{"value":0,"base":"worldTop"},"max":{"value":200,"base":"worldTop"}},"frame":{"min":{"value":0},"max":{"value":-20}},"lifeTime":{"value":500,"base":"animeLength"}},{"file":{"image":"bgEffect_017.png","imgcut":"bgEffect_017.imgcut","model":"bgEffect_017_00.mamodel","anime":"bgEffect_017_00_4.maanim"},"name":"凄い早く消える塵","count":{"value":30},"x":{"min":{"value":0,"base":"worldLeft"},"max":{"value":0,"base":"worldRight"}},"y":{"min":{"value":0,"base":"worldBottom"},"max":{"value":-150,"base":"worldBottom"}},"z":{"value":0,"base":"frontChara"},"scale":{"min":{"value":2},"max":{"value":3}},"angle":{"min":{"value":0},"max":{"value":20}},"alpha":{"value":50},"vx":{"value":2},"vy":{"min":{"value":-100,"base":"secondToFrame"},"max":{"value":-150,"base":"secondToFrame"}},"destroyTop":{"min":{"value":0,"base":"worldTop"},"max":{"value":200,"base":"worldTop"}},"frame":{"min":{"value":0},"max":{"value":-40}},"lifeTime":{"value":40,"base":"animeLength"}},{"file":{"image":"bgEffect_017.png","imgcut":"bgEffect_017.imgcut","model":"bgEffect_017_00.mamodel","anime":"bgEffect_017_00_3.maanim"},"name":"切り出しアニメする塵","count":{"value":15},"x":{"min":{"value":0,"base":"worldLeft"},"max":{"value":0,"base":"worldRight"}},"y":{"min":{"value":-500,"base":"worldBottom"},"max":{"value":0,"base":"worldBottom"}},"z":{"value":0,"base":"frontChara"},"scale":{"min":{"value":1},"max":{"value":2}},"angle":{"min":{"value":0},"max":{"value":20}},"alpha":{"min":{"value":40},"max":{"value":255}},"vx":{"value":0.5},"vy":{"min":{"value":0,"base":"secondToFrame"},"max":{"value":-100,"base":"secondToFrame"}},"destroyTop":{"min":{"value":0,"base":"worldTop"},"max":{"value":400,"base":"worldTop"}},"frame":{"min":{"value":0},"max":{"value":-20}},"lifeTime":{"value":500,"base":"animeLength"}}]}