3,15,-1,-1,-1,						//マップ番号 0～16,　アイテム報酬型ステージ設定(-1:OFF),　スコア報酬型ステージ設定(-1:OFF)
2,							//マップパターン 0～
50,1500,3,90,33,30,15,1,0,-1,				//1ステージ
100,3000,32,99,33,1,15,2,0,70,15,1,-1,			//2ステージ
150,4500,3,99,31,5,15,3,0,15,15,2,90,15,1,-1,		//3ステージ

//まもるよネコさん
//消費統率力			0
//クリア時の獲得XP		1
//サウンド（スタート時）	2
//サウンド ボス出現時の城体力％	3
//サウンド（ボス）		4
//アイテム入手確率		0～100%
//アイテム番号
//		0:スピードアップ
//		1:トレジャーレーダー
//		2:ネコボン
//		3:ニャンピュータ
//		4：おかめはちもく
//		5:スニャイパー
//貰える数		0