{"data":[{"file":{"image":"bgEffect_028.png","imgcut":"bgEffect_028.imgcut","model":"bgEffect_028.mamodel","anime":"bgEffect_028_00_0.maanim"},"name":"赤１","count":{"value":20},"x":{"min":{"value":300,"base":"worldLeft"},"max":{"value":300,"base":"worldRight"}},"startX":{"min":{"value":0,"base":"worldLeft"},"max":{"value":0,"base":"worldRight"}},"y":{"value":-200,"base":"worldTop"},"startY":{"min":{"value":-100,"base":"worldTop"},"max":{"value":100,"base":"worldBottom"}},"z":{"value":0,"base":"frontChara"},"scale":{"min":{"value":0.4},"max":{"value":0.7}},"vx":{"min":{"value":-0.1},"max":{"value":-2}},"vy":{"min":{"value":0.1},"max":{"value":2}},"destroyLeft":{"value":-100,"base":"worldLeft"},"destroyBottom":{"value":100,"base":"worldBottom"},"frame":{"min":{"value":0},"max":{"value":360}},"startFrame":{"min":{"value":0},"max":{"value":480}}},{"file":{"image":"bgEffect_028.png","imgcut":"bgEffect_028.imgcut","model":"bgEffect_028.mamodel","anime":"bgEffect_028_00_1.maanim"},"name":"青1","count":{"value":20},"x":{"min":{"value":300,"base":"worldLeft"},"max":{"value":300,"base":"worldRight"}},"startX":{"min":{"value":0,"base":"worldLeft"},"max":{"value":0,"base":"worldRight"}},"y":{"value":-200,"base":"worldTop"},"startY":{"min":{"value":-100,"base":"worldTop"},"max":{"value":100,"base":"worldBottom"}},"z":{"value":0,"base":"frontChara"},"scale":{"min":{"value":0.4},"max":{"value":0.7}},"vx":{"min":{"value":-0.1},"max":{"value":-2}},"vy":{"min":{"value":0.1},"max":{"value":2}},"destroyLeft":{"value":-100,"base":"worldLeft"},"destroyBottom":{"value":200,"base":"worldBottom"},"frame":{"min":{"value":0},"max":{"value":480}},"startFrame":{"min":{"value":0},"max":{"value":480}}},{"file":{"image":"bgEffect_028.png","imgcut":"bgEffect_028.imgcut","model":"bgEffect_028.mamodel","anime":"bgEffect_028_00_2.maanim"},"name":"黄1","count":{"value":20},"x":{"min":{"value":300,"base":"worldLeft"},"max":{"value":300,"base":"worldRight"}},"startX":{"min":{"value":0,"base":"worldLeft"},"max":{"value":0,"base":"worldRight"}},"y":{"value":-200,"base":"worldTop"},"startY":{"min":{"value":-100,"base":"worldTop"},"max":{"value":100,"base":"worldBottom"}},"z":{"value":0,"base":"frontChara"},"scale":{"min":{"value":0.4},"max":{"value":0.7}},"vx":{"min":{"value":-0.1},"max":{"value":-2}},"vy":{"min":{"value":0.1},"max":{"value":2}},"destroyLeft":{"value":-100,"base":"worldLeft"},"destroyBottom":{"value":200,"base":"worldBottom"},"frame":{"min":{"value":0},"max":{"value":240}},"startFrame":{"min":{"value":0},"max":{"value":480}}},{"file":{"image":"bgEffect_028.png","imgcut":"bgEffect_028.imgcut","model":"bgEffect_028.mamodel","anime":"bgEffect_028_00_0.maanim"},"name":"赤2","count":{"value":20},"x":{"min":{"value":300,"base":"worldLeft"},"max":{"value":300,"base":"worldRight"}},"startX":{"min":{"value":0,"base":"worldLeft"},"max":{"value":0,"base":"worldRight"}},"y":{"value":-200,"base":"worldTop"},"startY":{"min":{"value":-100,"base":"worldTop"},"max":{"value":100,"base":"worldBottom"}},"z":{"value":0,"base":"frontChara"},"scale":{"min":{"value":0.4},"max":{"value":0.7}},"vx":{"min":{"value":-0.1},"max":{"value":-2}},"vy":{"min":{"value":0.1},"max":{"value":2}},"destroyLeft":{"value":-100,"base":"worldLeft"},"destroyBottom":{"value":100,"base":"worldBottom"},"frame":{"min":{"value":0},"max":{"value":360}},"startFrame":{"min":{"value":0},"max":{"value":480}}},{"file":{"image":"bgEffect_028.png","imgcut":"bgEffect_028.imgcut","model":"bgEffect_028.mamodel","anime":"bgEffect_028_00_1.maanim"},"name":"青2","count":{"value":20},"x":{"min":{"value":300,"base":"worldLeft"},"max":{"value":300,"base":"worldRight"}},"startX":{"min":{"value":0,"base":"worldLeft"},"max":{"value":0,"base":"worldRight"}},"y":{"value":-200,"base":"worldTop"},"startY":{"min":{"value":-100,"base":"worldTop"},"max":{"value":100,"base":"worldBottom"}},"z":{"value":0,"base":"frontChara"},"scale":{"min":{"value":0.4},"max":{"value":0.7}},"vx":{"min":{"value":-0.1},"max":{"value":-2}},"vy":{"min":{"value":0.1},"max":{"value":2}},"destroyLeft":{"value":-100,"base":"worldLeft"},"destroyBottom":{"value":200,"base":"worldBottom"},"frame":{"min":{"value":0},"max":{"value":480}},"startFrame":{"min":{"value":0},"max":{"value":480}}},{"file":{"image":"bgEffect_028.png","imgcut":"bgEffect_028.imgcut","model":"bgEffect_028.mamodel","anime":"bgEffect_028_00_2.maanim"},"name":"黄2","count":{"value":20},"x":{"min":{"value":300,"base":"worldLeft"},"max":{"value":300,"base":"worldRight"}},"startX":{"min":{"value":0,"base":"worldLeft"},"max":{"value":0,"base":"worldRight"}},"y":{"value":-200,"base":"worldTop"},"startY":{"min":{"value":-100,"base":"worldTop"},"max":{"value":100,"base":"worldBottom"}},"z":{"value":0,"base":"frontChara"},"scale":{"min":{"value":0.4},"max":{"value":0.7}},"vx":{"min":{"value":-0.1},"max":{"value":-2}},"vy":{"min":{"value":0.1},"max":{"value":2}},"destroyLeft":{"value":-100,"base":"worldLeft"},"destroyBottom":{"value":200,"base":"worldBottom"},"frame":{"min":{"value":0},"max":{"value":240}},"startFrame":{"min":{"value":0},"max":{"value":480}}},{"file":{"image":"bgEffect_027.png","imgcut":"bgEffect_027.imgcut","model":"bgEffect_027.mamodel","anime":"bgEffect_027_00_0.maanim"},"name":"バルーン","count":{"value":3},"x":{"min":{"value":0,"base":"worldLeft"},"max":{"value":0,"base":"worldRight"}},"y":{"min":{"value":900},"max":{"value":2000}},"startY":{"min":{"value":-200,"base":"worldTop"},"max":{"value":200,"base":"worldBottom"}},"z":{"value":0,"base":"frontChara"},"scale":{"value":0.9},"vy":{"min":{"value":-0.5},"max":{"value":-1}},"destroyTop":{"value":-200,"base":"worldTop"},"frame":{"min":{"value":0},"max":{"value":240}},"startFrame":{"min":{"value":0},"max":{"value":180}}},{"file":{"image":"bgEffect_027.png","imgcut":"bgEffect_027.imgcut","model":"bgEffect_027.mamodel","anime":"bgEffect_027_00_0.maanim"},"name":"バルーン","count":{"value":3},"x":{"min":{"value":0,"base":"worldLeft"},"max":{"value":0,"base":"worldRight"}},"y":{"min":{"value":900},"max":{"value":2000}},"startY":{"min":{"value":-200,"base":"worldTop"},"max":{"value":200,"base":"worldBottom"}},"z":{"value":0,"base":"frontChara"},"scale":{"min":{"value":1},"max":{"value":1.1}},"vy":{"min":{"value":-0.5},"max":{"value":-1}},"destroyTop":{"value":-200,"base":"worldTop"},"frame":{"min":{"value":0},"max":{"value":480}},"startFrame":{"min":{"value":0},"max":{"value":180}}},{"file":{"image":"bgEffect_027.png","imgcut":"bgEffect_027.imgcut","model":"bgEffect_027.mamodel","anime":"bgEffect_027_00_1.maanim"},"name":"バルーン赤","count":{"value":6},"x":{"min":{"value":0,"base":"worldLeft"},"max":{"value":0,"base":"worldRight"}},"y":{"min":{"value":900},"max":{"value":2000}},"startY":{"min":{"value":200,"base":"worldTop"},"max":{"value":-200,"base":"worldBottom"}},"z":{"value":0,"base":"frontChara"},"scale":{"min":{"value":0.8},"max":{"value":1.2}},"vy":{"min":{"value":-0.5},"max":{"value":-1}},"destroyTop":{"value":-200,"base":"worldTop"},"frame":{"min":{"value":0},"max":{"value":120}},"startFrame":{"min":{"value":0},"max":{"value":180}}},{"file":{"image":"bgEffect_027.png","imgcut":"bgEffect_027.imgcut","model":"bgEffect_027.mamodel","anime":"bgEffect_027_00_2.maanim"},"name":"バルーン黄","count":{"value":6},"x":{"min":{"value":0,"base":"worldLeft"},"max":{"value":0,"base":"worldRight"}},"y":{"min":{"value":900},"max":{"value":2000}},"startY":{"min":{"value":-200,"base":"worldTop"},"max":{"value":200,"base":"worldBottom"}},"z":{"value":0,"base":"frontChara"},"scale":{"min":{"value":0.8},"max":{"value":1.2}},"vy":{"min":{"value":-0.5},"max":{"value":-1}},"destroyTop":{"value":-200,"base":"worldTop"},"frame":{"min":{"value":0},"max":{"value":120}},"startFrame":{"min":{"value":0},"max":{"value":180}}},{"file":{"image":"bgEffect_027.png","imgcut":"bgEffect_027.imgcut","model":"bgEffect_027.mamodel","anime":"bgEffect_027_00_3.maanim"},"name":"バルーン青","count":{"value":6},"x":{"min":{"value":0,"base":"worldLeft"},"max":{"value":0,"base":"worldRight"}},"y":{"min":{"value":900},"max":{"value":2000}},"startY":{"min":{"value":-200,"base":"worldTop"},"max":{"value":500,"base":"worldBottom"}},"z":{"value":0,"base":"frontChara"},"scale":{"min":{"value":0.8},"max":{"value":1.2}},"vy":{"min":{"value":-0.5},"max":{"value":-1}},"destroyTop":{"value":-200,"base":"worldTop"},"frame":{"min":{"value":0},"max":{"value":120}},"startFrame":{"min":{"value":0},"max":{"value":180}}}]}