{"data":[{"file":{"image":"bgEffect_021.png","imgcut":"bgEffect_021.imgcut","model":"bgEffect_021_00.mamodel","anime":"bgEffect_021_00_0.maanim"},"name":"瘴気＿奥","count":{"value":15},"x":{"value":-500,"base":"worldLeft"},"startX":{"min":{"value":-500,"base":"worldLeft"},"max":{"value":500,"base":"worldRight"}},"y":{"min":{"value":350},"max":{"value":400}},"z":{"value":0,"base":"backChara"},"scale":{"value":5},"alpha":{"value":150},"vx":{"min":{"value":10,"base":"secondToFrame"},"max":{"value":20,"base":"secondToFrame"}},"destroyRight":{"value":1000,"base":"worldRight"},"frame":{"min":{"value":0},"max":{"value":500}}},{"file":{"image":"bgEffect_021.png","imgcut":"bgEffect_021.imgcut","model":"bgEffect_021_00.mamodel","anime":"bgEffect_021_00_0.maanim"},"name":"瘴気＿手前","count":{"value":15},"x":{"value":-1000,"base":"worldLeft"},"startX":{"min":{"value":-1000,"base":"worldLeft"},"max":{"value":1000,"base":"worldRight"}},"y":{"min":{"value":500},"max":{"value":900}},"z":{"value":0,"base":"frontChara"},"scale":{"value":8},"vx":{"min":{"value":10,"base":"secondToFrame"},"max":{"value":20,"base":"secondToFrame"}},"destroyRight":{"value":1000,"base":"worldRight"},"frame":{"min":{"value":0},"max":{"value":500}}},{"file":{"image":"bgEffect_021.png","imgcut":"bgEffect_021.imgcut","model":"bgEffect_021_00.mamodel","anime":"bgEffect_021_00_4.maanim"},"name":"粒＿奥","count":{"value":50},"x":{"value":-100,"base":"worldLeft"},"startX":{"min":{"value":0,"base":"worldLeft"},"max":{"value":0,"base":"worldRight"}},"y":{"min":{"value":0},"max":{"value":400}},"z":{"value":0,"base":"backChara"},"scale":{"value":1},"scaleX":{"value":0.5},"angle":{"min":{"value":0},"max":{"value":360}},"vx":{"min":{"value":5,"base":"secondToFrame"},"max":{"value":10,"base":"secondToFrame"}},"destroyRight":{"value":0,"base":"worldRight"},"frame":{"min":{"value":0},"max":{"value":500}}},{"file":{"image":"bgEffect_021.png","imgcut":"bgEffect_021.imgcut","model":"bgEffect_021_00.mamodel","anime":"bgEffect_021_00_4.maanim"},"name":"粒＿手前全体","count":{"value":20},"x":{"min":{"value":0,"base":"worldLeft"},"max":{"value":0,"base":"worldRight"}},"y":{"value":-10,"base":"worldBottom"},"startY":{"min":{"value":0,"base":"worldTop"},"max":{"value":-100,"base":"worldBottom"}},"z":{"value":0,"base":"frontChara"},"scaleX":{"value":0.7},"scaleY":{"value":1.5},"angle":{"min":{"value":0},"max":{"value":360}},"vy":{"min":{"value":-20,"base":"secondToFrame"},"max":{"value":-8,"base":"secondToFrame"}},"destroyTop":{"value":0,"base":"worldTop"},"frame":{"min":{"value":0},"max":{"value":500}}},{"file":{"image":"bgEffect_021.png","imgcut":"bgEffect_021.imgcut","model":"bgEffect_021_00.mamodel","anime":"bgEffect_021_00_0.maanim"},"name":"瘴気手前＿薄手","count":{"value":10},"x":{"value":-1000,"base":"worldLeft"},"startX":{"min":{"value":-1000,"base":"worldLeft"},"max":{"value":1000,"base":"worldRight"}},"y":{"min":{"value":-600,"base":"worldBottom"},"max":{"value":0,"base":"worldBottom"}},"z":{"value":0,"base":"frontChara"},"scale":{"value":10},"alpha":{"value":150},"vx":{"min":{"value":10,"base":"secondToFrame"},"max":{"value":20,"base":"secondToFrame"}},"destroyRight":{"value":1000,"base":"worldRight"},"frame":{"min":{"value":0},"max":{"value":500}}},{"file":{"image":"bgEffect_021.png","imgcut":"bgEffect_021.imgcut","model":"bgEffect_021_00.mamodel","anime":"bgEffect_021_00_0.maanim"},"name":"瘴気＿上部","count":{"value":5},"x":{"min":{"value":0,"base":"worldLeft"},"max":{"value":0,"base":"worldRight"}},"y":{"min":{"value":-200,"base":"worldTop"},"max":{"value":400,"base":"worldTop"}},"z":{"value":0,"base":"backChara"},"scale":{"value":15},"angle":{"value":0},"alpha":{"value":100},"frame":{"min":{"value":0},"max":{"value":500}}},{"file":{"image":"bgEffect_030.png","imgcut":"bgEffect_030.imgcut","model":"bgEffect_030_00.mamodel","anime":"bgEffect_030_00_0.maanim"},"name":"瘴気＿下部紫２","count":{"value":5},"x":{"min":{"value":0,"base":"worldLeft"},"max":{"value":0,"base":"worldRight"}},"y":{"min":{"value":700},"max":{"value":600}},"z":{"value":0,"base":"backChara"},"scaleX":{"value":8},"scaleY":{"value":7},"angle":{"value":0},"alpha":{"value":180},"frame":{"min":{"value":0},"max":{"value":500}}}]}