{"data":[{"file":{"image":"bgEffect_021.png","imgcut":"bgEffect_021.imgcut","model":"bgEffect_021_00.mamodel","anime":"bgEffect_021_00_0.maanim"},"name":"瘴気奥","count":{"value":15},"x":{"value":-500,"base":"worldLeft"},"startX":{"min":{"value":-500,"base":"worldLeft"},"max":{"value":500,"base":"worldRight"}},"y":{"min":{"value":300},"max":{"value":400}},"z":{"value":0,"base":"backChara"},"scale":{"value":5},"vx":{"min":{"value":10,"base":"secondToFrame"},"max":{"value":20,"base":"secondToFrame"}},"destroyRight":{"value":1000,"base":"worldRight"},"frame":{"min":{"value":0},"max":{"value":500}}},{"file":{"image":"bgEffect_021.png","imgcut":"bgEffect_021.imgcut","model":"bgEffect_021_00.mamodel","anime":"bgEffect_021_00_0.maanim"},"name":"瘴気手前","count":{"value":15},"x":{"value":-1000,"base":"worldLeft"},"startX":{"min":{"value":-1000,"base":"worldLeft"},"max":{"value":1000,"base":"worldRight"}},"y":{"min":{"value":500},"max":{"value":900}},"z":{"value":0,"base":"frontChara"},"scale":{"value":8},"vx":{"min":{"value":10,"base":"secondToFrame"},"max":{"value":20,"base":"secondToFrame"}},"destroyRight":{"value":1000,"base":"worldRight"},"frame":{"min":{"value":0},"max":{"value":500}}},{"file":{"image":"bgEffect_021.png","imgcut":"bgEffect_021.imgcut","model":"bgEffect_021_00.mamodel","anime":"bgEffect_021_00_4.maanim"},"name":"粒","count":{"value":50},"x":{"value":-100,"base":"worldLeft"},"startX":{"min":{"value":0,"base":"worldLeft"},"max":{"value":0,"base":"worldRight"}},"y":{"min":{"value":0},"max":{"value":400}},"z":{"value":0,"base":"backChara"},"scale":{"value":1},"scaleX":{"value":0.5},"angle":{"min":{"value":0},"max":{"value":360}},"vx":{"min":{"value":5,"base":"secondToFrame"},"max":{"value":10,"base":"secondToFrame"}},"destroyRight":{"value":0,"base":"worldRight"},"frame":{"min":{"value":0},"max":{"value":500}}},{"file":{"image":"bgEffect_021.png","imgcut":"bgEffect_021.imgcut","model":"bgEffect_021_00.mamodel","anime":"bgEffect_021_00_4.maanim"},"name":"粒","count":{"value":10},"x":{"min":{"value":0,"base":"worldLeft"},"max":{"value":0,"base":"worldRight"}},"y":{"value":-10,"base":"worldBottom"},"startY":{"min":{"value":0,"base":"worldTop"},"max":{"value":-100,"base":"worldBottom"}},"z":{"value":0,"base":"frontChara"},"scale":{"value":2},"scaleX":{"value":0.5},"angle":{"min":{"value":0},"max":{"value":360}},"vy":{"min":{"value":-20,"base":"secondToFrame"},"max":{"value":-8,"base":"secondToFrame"}},"destroyTop":{"value":0,"base":"worldTop"},"frame":{"min":{"value":0},"max":{"value":500}}}]}