{"data":[{"name":"星","model":{"values":[0,1]},"count":{"value":40},"x":{"min":{"value":0,"base":"worldLeft"},"max":{"value":0,"base":"worldRight"}},"y":{"min":{"value":-450},"max":{"value":380}},"z":{"value":0,"base":"backChara"},"frame":{"min":{"value":0},"max":{"value":0,"base":"animeInterval"}}},{"name":"流れ星","model":{"value":2},"count":{"value":2},"x":{"min":{"value":0,"base":"worldLeft"},"max":{"value":0,"base":"worldRight"}},"y":{"min":{"value":-500},"max":{"value":-200}},"z":{"value":0,"base":"backChara"},"frame":{"value":0},"wait":{"min":{"value":0},"max":{"value":120}},"lifeTime":{"value":0,"base":"animeInterval"}},{"name":"もや","model":{"values":[3,4]},"count":{"value":20},"x":{"value":320,"base":"worldRight"},"startX":{"min":{"value":-320,"base":"worldLeft"},"max":{"value":320,"base":"worldRight"}},"y":{"min":{"value":320},"max":{"value":640}},"z":{"value":0,"base":"frontChara"},"startScale":{"min":{"value":1},"max":{"value":2},"randGroup":"0"},"startVx":{"min":{"value":-0.5},"max":{"value":-1},"randGroup":"0"},"destroyLeft":{"value":-320,"base":"worldLeft"},"frame":{"min":{"value":0},"max":{"value":0,"base":"animeInterval"}}}]}