{"data":[{"file":{"image":"bgEffect_027.png","imgcut":"bgEffect_027.imgcut","model":"bgEffect_027.mamodel","anime":"bgEffect_027_00_0.maanim"},"name":"バルーン","count":{"value":3},"x":{"min":{"value":0,"base":"worldLeft"},"max":{"value":0,"base":"worldRight"}},"y":{"min":{"value":900},"max":{"value":2000}},"startY":{"min":{"value":-200,"base":"worldTop"},"max":{"value":200,"base":"worldBottom"}},"z":{"value":0,"base":"frontChara"},"scale":{"value":0.9},"vy":{"min":{"value":-0.5},"max":{"value":-1}},"destroyTop":{"value":-200,"base":"worldTop"},"frame":{"min":{"value":0},"max":{"value":240}},"startFrame":{"min":{"value":0},"max":{"value":180}}},{"file":{"image":"bgEffect_027.png","imgcut":"bgEffect_027.imgcut","model":"bgEffect_027.mamodel","anime":"bgEffect_027_00_1.maanim"},"name":"風船　赤","count":{"value":10},"x":{"min":{"value":0,"base":"worldLeft"},"max":{"value":0,"base":"worldRight"}},"y":{"min":{"value":900},"max":{"value":2000}},"startY":{"min":{"value":200},"max":{"value":2000}},"z":{"value":0,"base":"frontChara"},"scale":{"min":{"value":0.8},"max":{"value":1.2}},"vy":{"min":{"value":-0.5},"max":{"value":-1}},"destroyTop":{"value":-200,"base":"worldTop"},"frame":{"min":{"value":0},"max":{"value":120}},"startFrame":{"min":{"value":0},"max":{"value":180}}},{"file":{"image":"bgEffect_027.png","imgcut":"bgEffect_027.imgcut","model":"bgEffect_027.mamodel","anime":"bgEffect_027_00_2.maanim"},"name":"風船　黄","count":{"value":10},"x":{"min":{"value":0,"base":"worldLeft"},"max":{"value":0,"base":"worldRight"}},"y":{"min":{"value":900},"max":{"value":2000}},"startY":{"min":{"value":200},"max":{"value":2000}},"z":{"value":0,"base":"frontChara"},"scale":{"min":{"value":0.8},"max":{"value":1.2}},"vy":{"min":{"value":-0.5},"max":{"value":-1}},"destroyTop":{"value":-200,"base":"worldTop"},"frame":{"min":{"value":0},"max":{"value":240}},"startFrame":{"min":{"value":0},"max":{"value":180}}},{"file":{"image":"bgEffect_027.png","imgcut":"bgEffect_027.imgcut","model":"bgEffect_027.mamodel","anime":"bgEffect_027_00_3.maanim"},"name":"風船　青","count":{"value":10},"x":{"min":{"value":0,"base":"worldLeft"},"max":{"value":0,"base":"worldRight"}},"y":{"min":{"value":900},"max":{"value":2000}},"startY":{"min":{"value":200},"max":{"value":2000}},"z":{"value":0,"base":"frontChara"},"scale":{"min":{"value":0.8},"max":{"value":1.2}},"vy":{"min":{"value":-0.5},"max":{"value":-1}},"destroyTop":{"value":-200,"base":"worldTop"},"frame":{"min":{"value":0},"max":{"value":360}},"startFrame":{"min":{"value":0},"max":{"value":180}}},{"file":{"image":"bgEffect_027.png","imgcut":"bgEffect_027.imgcut","model":"bgEffect_027.mamodel","anime":"bgEffect_027_00_0.maanim"},"name":"バルーン","count":{"value":3},"x":{"min":{"value":0,"base":"worldLeft"},"max":{"value":0,"base":"worldRight"}},"y":{"min":{"value":900},"max":{"value":2000}},"startY":{"min":{"value":-200,"base":"worldTop"},"max":{"value":200,"base":"worldBottom"}},"z":{"value":0,"base":"frontChara"},"scale":{"min":{"value":1},"max":{"value":1.1}},"vy":{"min":{"value":-0.5},"max":{"value":-1}},"destroyTop":{"value":-200,"base":"worldTop"},"frame":{"min":{"value":0},"max":{"value":480}},"startFrame":{"min":{"value":0},"max":{"value":180}}}]}