{"data":[{"file":{"image":"bgEffect_003.png","imgcut":"bgEffect_003.imgcut","model":"bgEffect_003_00.mamodel","anime":"bgEffect_003_00_0.maanim"},"name":"人1","count":{"value":7},"x":{"min":{"value":-100,"base":"worldLeft"},"max":{"value":1000,"base":"worldLeft"}},"y":{"min":{"value":660},"max":{"value":680}},"z":{"value":0,"base":"frontChara"},"scale":{"min":{"value":2},"max":{"value":3.2}},"angle":{"min":{"value":-8},"max":{"value":9}},"frame":{"value":1}},{"file":{"image":"bgEffect_003.png","imgcut":"bgEffect_003.imgcut","model":"bgEffect_003_00.mamodel","anime":"bgEffect_003_00_0.maanim"},"name":"人1","count":{"value":7},"x":{"min":{"value":100,"base":"worldRight"},"max":{"value":-950,"base":"worldRight"}},"y":{"min":{"value":660},"max":{"value":680}},"z":{"value":0,"base":"frontChara"},"scale":{"min":{"value":1.8},"max":{"value":3}},"angle":{"min":{"value":-20},"max":{"value":10}},"frame":{"value":1}},{"file":{"image":"bgEffect_003.png","imgcut":"bgEffect_003.imgcut","model":"bgEffect_003_00.mamodel","anime":"bgEffect_003_00_1.maanim"},"name":"人2","count":{"value":5},"x":{"min":{"value":-100,"base":"worldRight"},"max":{"value":-1000,"base":"worldRight"}},"y":{"min":{"value":670},"max":{"value":690}},"z":{"value":0,"base":"frontChara"},"scale":{"min":{"value":1},"max":{"value":2.5}},"angle":{"min":{"value":-20},"max":{"value":20}},"frame":{"value":1}},{"file":{"image":"bgEffect_003.png","imgcut":"bgEffect_003.imgcut","model":"bgEffect_003_00.mamodel","anime":"bgEffect_003_00_1.maanim"},"name":"人2","count":{"value":5},"x":{"min":{"value":100,"base":"worldLeft"},"max":{"value":1000,"base":"worldLeft"}},"y":{"min":{"value":670},"max":{"value":690}},"z":{"value":0,"base":"frontChara"},"scale":{"min":{"value":1},"max":{"value":2.2}},"angle":{"min":{"value":-20},"max":{"value":5}},"frame":{"value":1}},{"file":{"image":"bgEffect_003.png","imgcut":"bgEffect_003.imgcut","model":"bgEffect_003_00.mamodel","anime":"bgEffect_003_00_2.maanim"},"name":"人3","count":{"value":5},"x":{"min":{"value":0,"base":"worldRight"},"max":{"value":-950,"base":"worldRight"}},"y":{"min":{"value":700},"max":{"value":740}},"z":{"value":0,"base":"frontChara"},"scale":{"min":{"value":1.7},"max":{"value":2.2}},"angle":{"min":{"value":-20},"max":{"value":5}},"frame":{"value":1}},{"file":{"image":"bgEffect_003.png","imgcut":"bgEffect_003.imgcut","model":"bgEffect_003_00.mamodel","anime":"bgEffect_003_00_2.maanim"},"name":"人3","count":{"value":5},"x":{"min":{"value":0,"base":"worldLeft"},"max":{"value":980,"base":"worldLeft"}},"y":{"min":{"value":700},"max":{"value":730}},"z":{"value":0,"base":"frontChara"},"scale":{"min":{"value":1.2},"max":{"value":2.2}},"angle":{"min":{"value":-20},"max":{"value":0}},"frame":{"value":1}},{"file":{"image":"bgEffect_003.png","imgcut":"bgEffect_003.imgcut","model":"bgEffect_003_00.mamodel","anime":"bgEffect_003_00_3.maanim"},"name":"人4","count":{"value":5},"x":{"min":{"value":-200,"base":"worldLeft"},"max":{"value":900,"base":"worldLeft"}},"y":{"min":{"value":650},"max":{"value":690}},"z":{"value":0,"base":"frontChara"},"scale":{"min":{"value":2.5},"max":{"value":2.9}},"angle":{"min":{"value":-20},"max":{"value":10}},"frame":{"value":1}},{"file":{"image":"bgEffect_003.png","imgcut":"bgEffect_003.imgcut","model":"bgEffect_003_00.mamodel","anime":"bgEffect_003_00_3.maanim"},"name":"人4","count":{"value":5},"x":{"min":{"value":0,"base":"worldRight"},"max":{"value":-920,"base":"worldRight"}},"y":{"min":{"value":645},"max":{"value":680}},"z":{"value":0,"base":"frontChara"},"scale":{"min":{"value":2},"max":{"value":3}},"angle":{"min":{"value":-40},"max":{"value":0}},"frame":{"value":1}},{"file":{"image":"bgEffect_003.png","imgcut":"bgEffect_003.imgcut","model":"bgEffect_003_00.mamodel","anime":"bgEffect_003_00_4.maanim"},"name":"人5","count":{"value":5},"x":{"min":{"value":-100,"base":"worldLeft"},"max":{"value":1000,"base":"worldLeft"}},"y":{"min":{"value":680},"max":{"value":690}},"z":{"value":0,"base":"frontChara"},"scale":{"min":{"value":2.3},"max":{"value":3.2}},"angle":{"min":{"value":-20},"max":{"value":20}},"frame":{"value":1}},{"file":{"image":"bgEffect_003.png","imgcut":"bgEffect_003.imgcut","model":"bgEffect_003_00.mamodel","anime":"bgEffect_003_00_4.maanim"},"name":"人5","count":{"value":4},"x":{"min":{"value":50,"base":"worldRight"},"max":{"value":-1000,"base":"worldRight"}},"y":{"min":{"value":650},"max":{"value":690}},"z":{"value":0,"base":"frontChara"},"scale":{"min":{"value":2.1},"max":{"value":2.7}},"angle":{"min":{"value":-5},"max":{"value":10}},"frame":{"value":1}},{"file":{"image":"bgEffect_003.png","imgcut":"bgEffect_003.imgcut","model":"bgEffect_003_00.mamodel","anime":"bgEffect_003_00_5.maanim"},"name":"人6","count":{"value":4},"x":{"min":{"value":100,"base":"worldRight"},"max":{"value":-1000,"base":"worldRight"}},"y":{"min":{"value":700},"max":{"value":720}},"z":{"value":0,"base":"frontChara"},"scale":{"min":{"value":1.8},"max":{"value":3}},"angle":{"min":{"value":-10},"max":{"value":15}},"frame":{"value":1}},{"file":{"image":"bgEffect_003.png","imgcut":"bgEffect_003.imgcut","model":"bgEffect_003_00.mamodel","anime":"bgEffect_003_00_5.maanim"},"name":"人6","count":{"value":4},"x":{"min":{"value":-100,"base":"worldLeft"},"max":{"value":1000,"base":"worldLeft"}},"y":{"min":{"value":700},"max":{"value":720}},"z":{"value":0,"base":"frontChara"},"scale":{"min":{"value":2},"max":{"value":3}},"angle":{"min":{"value":-10},"max":{"value":15}},"frame":{"value":1}},{"file":{"image":"bgEffect_003.png","imgcut":"bgEffect_003.imgcut","model":"bgEffect_003_03.mamodel","anime":"bgEffect_003_03_0.maanim"},"name":"ペンライト青","count":{"value":6},"x":{"min":{"value":-50,"base":"worldLeft"},"max":{"value":50,"base":"worldRight"}},"y":{"min":{"value":600},"max":{"value":670}},"z":{"value":0,"base":"frontChara"},"scale":{"min":{"value":2.2},"max":{"value":2.5}},"angle":{"min":{"value":-10},"max":{"value":5}},"frame":{"value":1}},{"file":{"image":"bgEffect_003.png","imgcut":"bgEffect_003.imgcut","model":"bgEffect_003_03.mamodel","anime":"bgEffect_003_03_1.maanim"},"name":"ペンライト緑","count":{"value":6},"x":{"min":{"value":50,"base":"worldLeft"},"max":{"value":-100,"base":"worldRight"}},"y":{"min":{"value":575},"max":{"value":675}},"z":{"value":0,"base":"frontChara"},"scale":{"min":{"value":1.8},"max":{"value":2.3}},"angle":{"min":{"value":-30},"max":{"value":30}},"frame":{"value":1}},{"file":{"image":"bgEffect_003.png","imgcut":"bgEffect_003.imgcut","model":"bgEffect_003_02.mamodel","anime":"bgEffect_003_02.maanim"},"name":"粒子","count":{"value":4},"x":{"min":{"value":-250,"base":"worldLeft"},"max":{"value":250,"base":"worldRight"}},"y":{"min":{"value":150},"max":{"value":250}},"z":{"value":0,"base":"frontChara"},"scale":{"min":{"value":0.1},"max":{"value":2}},"angularV":{"value":1},"vy":{"min":{"value":-2},"max":{"value":-5}},"destroyTop":{"min":{"value":-100},"max":{"value":-400}},"frame":{"value":0}},{"file":{"image":"bgEffect_003.png","imgcut":"bgEffect_003.imgcut","model":"bgEffect_003_02.mamodel","anime":"bgEffect_003_02.maanim"},"name":"粒子","count":{"value":4},"x":{"min":{"value":-100,"base":"worldLeft"},"max":{"value":200,"base":"worldRight"}},"y":{"min":{"value":200},"max":{"value":300}},"z":{"value":0,"base":"frontChara"},"scale":{"min":{"value":0.1},"max":{"value":1.5}},"angularV":{"value":1},"vy":{"min":{"value":-4},"max":{"value":-5}},"destroyTop":{"min":{"value":-200},"max":{"value":-300}},"frame":{"value":0}},{"file":{"image":"bgEffect_003.png","imgcut":"bgEffect_003.imgcut","model":"bgEffect_003_00.mamodel","anime":"bgEffect_003_00_0.maanim"},"name":"人1センター追加","count":{"value":3},"x":{"min":{"value":1000},"max":{"value":1400}},"y":{"min":{"value":670},"max":{"value":700}},"z":{"value":0,"base":"frontChara"},"scale":{"min":{"value":1.8},"max":{"value":2.8}},"angle":{"min":{"value":-8},"max":{"value":9}},"frame":{"value":1}},{"file":{"image":"bgEffect_003.png","imgcut":"bgEffect_003.imgcut","model":"bgEffect_003_00.mamodel","anime":"bgEffect_003_00_0.maanim"},"name":"人1センター追加","count":{"value":3},"x":{"min":{"value":500},"max":{"value":1000}},"y":{"min":{"value":665},"max":{"value":710}},"z":{"value":0,"base":"frontChara"},"scale":{"min":{"value":1.9},"max":{"value":2.7}},"angle":{"min":{"value":-8},"max":{"value":9}},"frame":{"value":1}},{"file":{"image":"bgEffect_003.png","imgcut":"bgEffect_003.imgcut","model":"bgEffect_003_01.mamodel","anime":"bgEffect_003_01.maanim"},"name":"ライト","count":{"value":1},"x":{"value":0,"base":"worldLeft"},"y":{"value":-300},"z":{"value":0,"base":"frontChara"},"scaleX":{"value":3.5},"scaleY":{"min":{"value":2},"max":{"value":2.1}},"angle":{"value":0},"frame":{"value":1}},{"file":{"image":"bgEffect_003.png","imgcut":"bgEffect_003.imgcut","model":"bgEffect_003_01.mamodel","anime":"bgEffect_003_01.maanim"},"name":"ライト","count":{"value":1},"x":{"value":600,"base":"worldLeft"},"y":{"value":-300},"z":{"value":0,"base":"frontChara"},"scaleX":{"value":3.5},"scaleY":{"min":{"value":2},"max":{"value":2.1}},"angle":{"value":0},"frame":{"value":1}},{"file":{"image":"bgEffect_003.png","imgcut":"bgEffect_003.imgcut","model":"bgEffect_003_01.mamodel","anime":"bgEffect_003_01.maanim"},"name":"ライト","count":{"value":1},"x":{"value":1200,"base":"worldLeft"},"y":{"value":-300},"z":{"value":0,"base":"frontChara"},"scaleX":{"value":3.5},"scaleY":{"min":{"value":2},"max":{"value":2.1}},"angle":{"value":0},"frame":{"value":1}},{"file":{"image":"bgEffect_003.png","imgcut":"bgEffect_003.imgcut","model":"bgEffect_003_01.mamodel","anime":"bgEffect_003_01.maanim"},"name":"ライト","count":{"value":1},"x":{"value":1800,"base":"worldLeft"},"y":{"value":-300},"z":{"value":0,"base":"frontChara"},"scaleX":{"value":3.5},"scaleY":{"min":{"value":2},"max":{"value":2.1}},"angle":{"value":0},"frame":{"value":1}},{"file":{"image":"bgEffect_003.png","imgcut":"bgEffect_003.imgcut","model":"bgEffect_003_01.mamodel","anime":"bgEffect_003_01.maanim"},"name":"ライト","count":{"value":1},"x":{"value":2400,"base":"worldLeft"},"y":{"value":-300},"z":{"value":0,"base":"frontChara"},"scaleX":{"value":3.5},"scaleY":{"min":{"value":2},"max":{"value":2.1}},"angle":{"value":0},"frame":{"value":1}}]}