{"data":[{"file":{"image":"bgEffect_006.png","imgcut":"bgEffect_006.imgcut","model":"bgEffect_006_00.mamodel","anime":"bgEffect_006_00_2.maanim"},"name":"天井のすじ　左","count":{"value":1},"x":{"value":515},"y":{"value":145},"z":{"value":0,"base":"backChara"},"scale":{"value":1.65},"alpha":{"value":150},"frame":{"value":0}},{"file":{"image":"bgEffect_006.png","imgcut":"bgEffect_006.imgcut","model":"bgEffect_006_00.mamodel","anime":"bgEffect_006_00_4.maanim"},"name":"天井のすじ　中央","count":{"value":1},"x":{"value":1478},"y":{"value":147},"z":{"value":0,"base":"backChara"},"scale":{"value":1.65},"alpha":{"value":150},"frame":{"value":0}},{"file":{"image":"bgEffect_006.png","imgcut":"bgEffect_006.imgcut","model":"bgEffect_006_00.mamodel","anime":"bgEffect_006_00_0.maanim"},"name":"背景赤モヤ　左","count":{"value":1},"x":{"value":500},"y":{"value":300},"z":{"value":0,"base":"backChara"},"scale":{"value":1.8},"alpha":{"value":255},"frame":{"value":0}},{"file":{"image":"bgEffect_006.png","imgcut":"bgEffect_006.imgcut","model":"bgEffect_006_00.mamodel","anime":"bgEffect_006_00_0.maanim"},"name":"背景赤モヤ　中央","count":{"value":1},"x":{"value":1440},"y":{"value":300},"z":{"value":0,"base":"backChara"},"scale":{"value":1.8},"alpha":{"value":255},"frame":{"value":0}},{"file":{"image":"bgEffect_006.png","imgcut":"bgEffect_006.imgcut","model":"bgEffect_006_00.mamodel","anime":"bgEffect_006_00_1.maanim"},"name":"煙左群1","count":{"value":10},"x":{"min":{"value":300},"max":{"value":700}},"y":{"value":360},"z":{"value":0,"base":"backChara"},"scale":{"min":{"value":0.5},"max":{"value":1}},"angularV":{"value":10,"base":"secondToFrame"},"alpha":{"value":25},"v":{"value":0},"startVy":{"min":{"value":-0.2},"max":{"value":-1.5}},"destroyTop":{"value":100},"frame":{"min":{"value":0},"max":{"value":30}},"lifeTime":{"value":60}},{"file":{"image":"bgEffect_006.png","imgcut":"bgEffect_006.imgcut","model":"bgEffect_006_00.mamodel","anime":"bgEffect_006_00_1.maanim"},"name":"煙左群2","count":{"value":10},"x":{"min":{"value":300},"max":{"value":700}},"y":{"value":360},"z":{"value":0,"base":"backChara"},"scale":{"min":{"value":0.5},"max":{"value":1}},"angularV":{"value":10,"base":"secondToFrame"},"alpha":{"value":25},"v":{"value":0},"startVy":{"min":{"value":-0.1},"max":{"value":-1.5}},"destroyTop":{"value":0},"frame":{"min":{"value":0},"max":{"value":30}},"lifeTime":{"value":60}},{"file":{"image":"bgEffect_006.png","imgcut":"bgEffect_006.imgcut","model":"bgEffect_006_00.mamodel","anime":"bgEffect_006_00_1.maanim"},"name":"煙中央群1","count":{"value":10},"x":{"min":{"value":1180},"max":{"value":1680}},"y":{"value":360},"z":{"value":0,"base":"backChara"},"scale":{"min":{"value":0.5},"max":{"value":1}},"angularV":{"value":10,"base":"secondToFrame"},"alpha":{"value":25},"v":{"value":0},"startVy":{"min":{"value":-0.1},"max":{"value":-1.5}},"destroyTop":{"value":0},"frame":{"min":{"value":0},"max":{"value":30}},"lifeTime":{"value":60}},{"file":{"image":"bgEffect_006.png","imgcut":"bgEffect_006.imgcut","model":"bgEffect_006_00.mamodel","anime":"bgEffect_006_00_1.maanim"},"name":"煙中央群2","count":{"value":10},"x":{"min":{"value":1180},"max":{"value":1680}},"y":{"value":360},"z":{"value":0,"base":"backChara"},"scale":{"min":{"value":0.5},"max":{"value":1}},"angularV":{"value":10,"base":"secondToFrame"},"alpha":{"value":25},"v":{"value":0},"startVy":{"min":{"value":-0.1},"max":{"value":-1.5}},"destroyTop":{"value":0},"frame":{"min":{"value":0},"max":{"value":30}},"lifeTime":{"value":60}},{"file":{"image":"bgEffect_006.png","imgcut":"bgEffect_006.imgcut","model":"bgEffect_006_00.mamodel","anime":"bgEffect_006_00_3.maanim"},"name":"モニターの黄色　左","count":{"value":1},"x":{"value":63},"y":{"value":267},"z":{"value":0,"base":"backChara"},"frame":{"value":0}},{"file":{"image":"bgEffect_006.png","imgcut":"bgEffect_006.imgcut","model":"bgEffect_006_00.mamodel","anime":"bgEffect_006_00_3.maanim"},"name":"モニターの黄色　中央","count":{"value":1},"x":{"value":1024},"y":{"value":267},"z":{"value":0,"base":"backChara"},"frame":{"value":0}},{"file":{"image":"bgEffect_006.png","imgcut":"bgEffect_006.imgcut","model":"bgEffect_006_00.mamodel","anime":"bgEffect_006_00_3.maanim"},"name":"モニターの黄色　右","count":{"value":1},"x":{"value":1982},"y":{"value":267},"z":{"value":0,"base":"backChara"},"frame":{"value":0}},{"file":{"image":"bgEffect_006.png","imgcut":"bgEffect_006.imgcut","model":"bgEffect_006_00.mamodel","anime":"bgEffect_006_00_5.maanim"},"name":"地面の光　左　中央","count":{"value":1},"x":{"value":390},"y":{"value":460},"z":{"value":0,"base":"backChara"},"scale":{"value":1.65},"scaleY":{"value":1},"alpha":{"value":150},"frame":{"value":0}},{"file":{"image":"bgEffect_006.png","imgcut":"bgEffect_006.imgcut","model":"bgEffect_006_00.mamodel","anime":"bgEffect_006_00_6.maanim"},"name":"地面の光　左　右","count":{"value":1},"x":{"value":640},"y":{"value":470},"z":{"value":0,"base":"backChara"},"scale":{"value":1.65},"scaleY":{"value":1},"alpha":{"value":150},"frame":{"value":0}},{"file":{"image":"bgEffect_006.png","imgcut":"bgEffect_006.imgcut","model":"bgEffect_006_00.mamodel","anime":"bgEffect_006_00_7.maanim"},"name":"地面の光　左　左","count":{"value":1},"x":{"value":160},"y":{"value":440},"z":{"value":0,"base":"backChara"},"scale":{"value":1.65},"scaleY":{"value":1},"alpha":{"value":150},"frame":{"value":0}},{"file":{"image":"bgEffect_006.png","imgcut":"bgEffect_006.imgcut","model":"bgEffect_006_00.mamodel","anime":"bgEffect_006_00_5.maanim"},"name":"地面の光　中央　中央","count":{"value":1},"x":{"value":1345},"y":{"value":460},"z":{"value":0,"base":"backChara"},"scale":{"value":1.65},"scaleY":{"value":1},"alpha":{"value":150},"frame":{"value":0}},{"file":{"image":"bgEffect_006.png","imgcut":"bgEffect_006.imgcut","model":"bgEffect_006_00.mamodel","anime":"bgEffect_006_00_6.maanim"},"name":"地面の光　中央　右","count":{"value":1},"x":{"value":1600},"y":{"value":465},"z":{"value":0,"base":"backChara"},"scale":{"value":1.65},"scaleY":{"value":1},"alpha":{"value":150},"frame":{"value":0}},{"file":{"image":"bgEffect_006.png","imgcut":"bgEffect_006.imgcut","model":"bgEffect_006_00.mamodel","anime":"bgEffect_006_00_7.maanim"},"name":"地面の光　中央　左","count":{"value":1},"x":{"value":1125},"y":{"value":440},"z":{"value":0,"base":"backChara"},"scale":{"value":1.65},"scaleY":{"value":1},"alpha":{"value":150},"frame":{"value":0}},{"file":{"image":"bgEffect_006.png","imgcut":"bgEffect_006.imgcut","model":"bgEffect_006_00.mamodel","anime":"bgEffect_006_00_2.maanim"},"name":"天井のすじ　右","count":{"value":1},"x":{"value":2436},"y":{"value":145},"z":{"value":0,"base":"backChara"},"scale":{"value":1.65},"alpha":{"value":150},"frame":{"value":0}},{"file":{"image":"bgEffect_006.png","imgcut":"bgEffect_006.imgcut","model":"bgEffect_006_00.mamodel","anime":"bgEffect_006_00_0.maanim"},"name":"背景赤モヤ　右","count":{"value":1},"x":{"value":2400},"y":{"value":300},"z":{"value":0,"base":"backChara"},"scale":{"value":1.8},"alpha":{"value":255},"frame":{"value":0}},{"file":{"image":"bgEffect_006.png","imgcut":"bgEffect_006.imgcut","model":"bgEffect_006_00.mamodel","anime":"bgEffect_006_00_1.maanim"},"name":"煙右群1","count":{"value":10},"x":{"min":{"value":2200},"max":{"value":2600}},"y":{"value":360},"z":{"value":0,"base":"backChara"},"scale":{"min":{"value":0.5},"max":{"value":1}},"angularV":{"value":10,"base":"secondToFrame"},"alpha":{"value":25},"v":{"value":0},"startVy":{"min":{"value":-0.1},"max":{"value":-1.5}},"destroyTop":{"value":0},"frame":{"min":{"value":0},"max":{"value":30}},"lifeTime":{"value":60}},{"file":{"image":"bgEffect_006.png","imgcut":"bgEffect_006.imgcut","model":"bgEffect_006_00.mamodel","anime":"bgEffect_006_00_1.maanim"},"name":"煙右群2","count":{"value":10},"x":{"min":{"value":2200},"max":{"value":2600}},"y":{"value":360},"z":{"value":0,"base":"backChara"},"scale":{"min":{"value":0.5},"max":{"value":1}},"angularV":{"value":10,"base":"secondToFrame"},"alpha":{"value":25},"v":{"value":0},"startVy":{"min":{"value":-0.1},"max":{"value":-1.5}},"destroyTop":{"value":0},"frame":{"min":{"value":0},"max":{"value":30}},"lifeTime":{"value":60}},{"file":{"image":"bgEffect_006.png","imgcut":"bgEffect_006.imgcut","model":"bgEffect_006_00.mamodel","anime":"bgEffect_006_00_3.maanim"},"name":"モニターの黄色　右2","count":{"value":1},"x":{"value":2945},"y":{"value":267},"z":{"value":0,"base":"backChara"},"frame":{"value":0}},{"file":{"image":"bgEffect_006.png","imgcut":"bgEffect_006.imgcut","model":"bgEffect_006_00.mamodel","anime":"bgEffect_006_00_5.maanim"},"name":"地面の光　右　中央","count":{"value":1},"x":{"value":2310},"y":{"value":460},"z":{"value":0,"base":"backChara"},"scale":{"value":1.65},"scaleY":{"value":1},"alpha":{"value":150},"frame":{"value":0}},{"file":{"image":"bgEffect_006.png","imgcut":"bgEffect_006.imgcut","model":"bgEffect_006_00.mamodel","anime":"bgEffect_006_00_6.maanim"},"name":"地面の光　右　右","count":{"value":1},"x":{"value":2555},"y":{"value":465},"z":{"value":0,"base":"backChara"},"scale":{"value":1.65},"scaleY":{"value":1},"alpha":{"value":150},"frame":{"value":0}},{"file":{"image":"bgEffect_006.png","imgcut":"bgEffect_006.imgcut","model":"bgEffect_006_00.mamodel","anime":"bgEffect_006_00_7.maanim"},"name":"地面の光　右　左","count":{"value":1},"x":{"value":2080},"y":{"value":440},"z":{"value":0,"base":"backChara"},"scale":{"value":1.65},"scaleY":{"value":1},"alpha":{"value":150},"frame":{"value":0}}]}