id	enable	display	server	productName	HTMLname	priority	ItemCategory1	ItemID1	Quantity1	ItemCategory2	ItemID2	Quantity2	ItemCategory3	ItemID3	Quantity3	ItemCategory4	ItemID4	Quantity4	ItemCategory5	ItemID5	Quantity5	ItemCategory6	ItemID6	Quantity6	ItemCategory7	ItemID7	Quantity7	ItemCategory8	ItemID8	Quantity8
0	1	0	800	item_pack1	ouensale_pack	10	0	22	160	0	6	30000	0	1	1	0	5	1
1	1	0	800	item_pack2	ouensale_pack	10	0	22	400	0	6	50000	0	1	2	0	2	2	0	5	2
2	1	0	800	item_pack3	ouensale_pack	10	0	22	1100	0	6	100000	0	1	4	0	2	4	0	4	4	0	5	4
3	1	0	801	matatabi_set1	genteisale_pack	40	0	22	900	0	6	100000	0	36	1	0	37	1	0	39	1	0	38	1	0	35	1
4	1	0	801	matatabi_set2	genteisale_pack	40	0	22	1900	0	6	500000	0	36	1	0	37	1	0	39	1	0	38	1	0	35	1	0	40	1
5	1	0	801	matatabi_set3	genteisale_pack	40	0	22	4000	0	6	1000000	0	36	2	0	37	2	0	39	2	0	38	2	0	35	2	0	40	2
6	1	0	802	rare_ticket	rare_ticket	30	0	21	1
7	1	0	803	platinum_ticket	intro_platinum	50	0	29	1	0	22	100	0	6	100000
23	1	3	810	nekokan_pack1	introduction	20	0	22	160	0	6	30000	0	1	1	0	5	1
24	1	3	810	nekokan_pack2	introduction	20	0	22	400	0	6	50000	0	1	2	0	2	2	0	5	2
25	1	3	810	nekokan_pack3	introduction	20	0	22	1100	0	6	100000	0	1	4	0	2	4	0	4	4	0	5	4
8	1	2	-1	rankup_sale1	rankup	-1	0	22	160
9	1	2	-1	rankup_sale2	rankup	-1	0	6	150000
10	1	2	-1	rankup_sale3	rankup	-1	0	0	10	0	3	10	0	1	1
11	0	0	804	platinum_ticket2	intro_platinum_beginner	51	0	29	1	0	22	100	0	0	1	0	1	1	0	2	1	0	3	1	0	4	1	0	5	1
12	1	0	805	chara_479	intro_chara479	70	1	479	1	0	22	30
13	0	0	806	chara_498	shakurel_pack	71	1	498	1	0	22	300
14	0	0	806	chara_499	shakurel_pack	71	1	499	1	0	22	400
15	0	0	806	chara_500	shakurel_pack	71	1	500	1	0	22	500
16	1	1	807	restart	intro_restart	-1	0	123	1
17	1	0	812	daikansha_set	special_set_daikansha	100	0	22	777	0	21	7
18	1	0	813	super_set1	special_set_chogentei	90	0	22	1200	0	21	1	0	6	500000
19	1	0	813	super_set2	special_set_chogentei	90	0	22	2200	0	21	3	0	6	1000000
20	1	0	813	super_set3	special_set_chogentei	90	0	22	4600	0	29	1	0	6	2000000
21	1	0	809	blackfriday_set	intro_blackfriday_set	91	0	22	777	0	21	7
22	1	0	809	platinum_ticket3	intro_blackfriday_set	91	0	29	1	0	22	100	0	6	100000
26	1	3	811	premium_sale	intro_premium_sale	60	0	29	1	0	6	2000000
27	1	0	814	chara_558	intro_chara558	72	1	558	1	0	22	750	0	6	1000000
28	1	0	815	chara_567	intro_chara567	73	1	567	1	0	22	50	0	6	300000
29	1	0	816	legend_ticket	intro_legend_ticket	80	0	145	1
30	1	0	817			22
31	1	0	818			21
32	1	4	819	otasuke_sale1	otasuke_sale	10	0	151	1	0	105	1
33	1	4	819	otasuke_sale2	otasuke_sale	10	0	152	1	0	105	1
34	1	4	819	otasuke_sale3	otasuke_sale	10	0	153	1	0	105	1
35	1	0	820	chara_608	intro_chara608	74	1	608	1	0	21	1
36	1	0	821	powerup_sale1	powerup_sale	40	0	22	900	0	6	50000	0	1	1	0	3	3
37	1	0	821	powerup_sale2	powerup_sale	40	0	22	1900	0	6	150000	0	1	2	0	3	5
38	1	0	821	powerup_sale3	powerup_sale	40	0	22	4000	0	6	300000	0	1	4	0	3	10
39	1	0	822	kansha_set	special_set_kansha	85	0	22	750	0	6	1000000
44	1	3	826	nekokan_pack1_1	introduction_1	20	0	22	170	0	6	30000	0	1	1	0	5	1
45	1	3	826	nekokan_pack2_1	introduction_1	20	0	22	400	0	6	50000	0	1	2	0	2	2	0	5	2
46	1	3	826	nekokan_pack3_1	introduction_1	20	0	22	1100	0	6	100000	0	1	4	0	2	4	0	4	4	0	5	4
47	1	2	-1	rankup_sale1_1	rankup_1	-1	0	22	140
48	1	2	-1	rankup_sale2_1	rankup_1	-1	0	6	130000
49	1	2	-1	rankup_sale3_1	rankup_1	-1	0	0	10	0	3	10	0	1	1
50	1	0	827	item_pack1_1	ouensale_pack_1	10	0	22	170	0	6	30000	0	1	1	0	5	1
51	1	0	827	item_pack2_1	ouensale_pack_1	10	0	22	400	0	6	50000	0	1	2	0	2	2	0	5	2
52	1	0	827	item_pack3_1	ouensale_pack_1	10	0	22	1100	0	6	100000	0	1	4	0	2	4	0	4	4	0	5	4
53	1	0	828	rare_ticket_1	rare_ticket_1	30	0	21	1	0	22	10
54	1	0	829	legend_ticket_1	intro_legend_ticket_1	80	0	145	1	0	22	10
55	1	0	830	kansha_set_1	special_set_kansha_1	85	0	22	750	0	6	1000000
56	1	0	831	daikansha_set_1	special_set_daikansha_1	100	0	22	777	0	21	7
57	1	0	832	super_set1_1	special_set_chogentei_1	90	0	22	1200	0	21	1	0	6	500000
58	1	0	832	super_set2_1	special_set_chogentei_1	90	0	22	2200	0	21	3	0	6	1000000
59	1	0	832	super_set3_1	special_set_chogentei_1	90	0	22	4600	0	29	1	0	6	2000000
60	1	0	833	matatabi_set1_1	genteisale_pack_1	40	0	22	900	0	6	100000	0	36	1	0	37	1	0	39	1	0	38	1	0	35	1
61	1	0	833	matatabi_set2_1	genteisale_pack_1	40	0	22	1900	0	6	500000	0	36	1	0	37	1	0	39	1	0	38	1	0	35	1	0	40	1
62	1	0	833	matatabi_set3_1	genteisale_pack_1	40	0	22	4000	0	6	1000000	0	36	2	0	37	2	0	39	2	0	38	2	0	35	2	0	40	2
63	1	0	834	powerup_sale1_1	powerup_sale_1	40	0	22	900	0	6	50000	0	1	1	0	3	3
64	1	0	834	powerup_sale2_1	powerup_sale_1	40	0	22	1900	0	6	150000	0	1	2	0	3	5
65	1	0	834	powerup_sale3_1	powerup_sale_1	40	0	22	4000	0	6	300000	0	1	4	0	3	10
