{
  "data": {
    "10": {
	"condition":[101017,-114024]
	  },
    "11": {
	"condition":[101018,-114025]
	  },
    "12": {
	"condition":[101019,-114026]
	  },
    "13": {
	"condition":[101020,-114027]
	  },
    "14": {
	"condition":[101021,-114028]
	  },
    "15": {
	"condition":[101022,-114029]
	  },
    "16": {
	"condition":[101023,-114030]
	  },
    "17": {
	"condition":[101024,-114031]
	  },
    "18": {
	"condition":[101025,-114032]
	  },
    "19": {
	"condition":[101017,-114024,101018,-114025,101019,-114026,101020,-114027,101021,-114028,101022,-114029,101023,-114030,101024,-114031,101025,-114032]
	  },
	"21": {
	"count":4,
	"condition":[102138,102139,102140,102141,102142,102143,102144,102145,102146,102147,102148,102149,102150,102151,102152,102153,102154,102155,102156,102157,102158,102159,102160,102161,102189,102190,102191,102192]
	  },
    "30": {
	"condition":[101014,-114018]
	  },
    "31": {
	"condition":[101015,-114019]
	  },
    "32": {
	"condition":[101016,-114020]
	  },
    "33": {
	"condition":[101039,-114021]
	  },
    "34": {
	"condition":[101043,-114022]
	  },
    "35": {
	"condition":[101066,-114023]
	  },
    "36": {
	"condition":[101095,-114012]
	  },
    "37": {
	"condition":[101117,-114013]
	  },
    "38": {
	"condition":[101119,-114014]
	  },
    "39": {
	"condition":[101128,-114015]
	  },
    "40": {
	"condition":[101158,-114016]
	  },
    "41": {
	"condition":[101177,-114017]
	  },
    "42": {
	"condition":[101095,-201095]
	  },
    "43": {
	"condition":[101117,-201117]
	  },
    "44": {
	"condition":[101119,-201119]
	  },
    "45": {
	"condition":[101128,-201128]
	  },
    "46": {
	"condition":[101158,-201158]
	  },
    "47": {
	"condition":[101177,-201177]
	  },
    "48": {
	"condition":[101014,-201014]
	  },
    "49": {
	"condition":[101015,-201015]
	  },
    "50": {
	"condition":[101016,-201016]
	  },
    "51": {
	"condition":[101039,-201039]
	  },
    "52": {
	"condition":[101043,-201043]
	  },
    "53": {
	"condition":[101066,-201066]
	  },
    "54": {
	"condition":[101017,-201017]
	  },
    "55": {
	"condition":[101018,-201018]
	  },
    "56": {
	"condition":[101019,-201019]
	  },
    "57": {
	"condition":[101020,-201020]
	  },
    "58": {
	"condition":[101021,-201021]
	  },
    "59": {
	"condition":[101022,-201022]
	  },
    "60": {
	"condition":[101023,-201023]
	  },
    "61": {
	"condition":[101024,-201024]
	  },
    "62": {
	"condition":[101025,-201025]
	  },
	"63": {
	"condition":[102065,102066,102067,102068]
	  },
	"64": {
	"condition":[101095,-114012,101117,-114013]
	  },
	"65": {
	"condition":[101119,-114014,101128,-114015]
	  },
	"66": {
	"condition":[101158,-114016,101177,-114017]
	  },
	"67": {
	"condition":[101257,101258,101266]
	  },
	"68": {
	"condition":[101268]
	  },
	"69": {
	"condition":[107000],
	"stage":39
	  },
	"70": {
	"condition":[130000],
	"stage":29
	  },
	"71": {
	"condition":[101128,-114015,101215,-114033]
	  },
	"72": {
	"condition":[101119,-114014,101177,-114017]
	  },
	"73": {
	"condition":[101095,-114012,101158,-114016]
	  },
    "74": {
	"condition":[101215,-201215]
	  },
    "75": {
	"condition":[101161,-201161]
	  },
    "76": {
	"condition":[101096,-201096]
	  },
    "77": {
	"condition":[101122,-201122]
	  },
    "78": {
	"condition":[101189,-201189]
	  },
    "79": {
	"condition":[101259,-201259]
	  },
    "80": {
	"condition":[101226,-201226]
	  },
    "81": {
	"condition":[101102,-201102]
	  },
    "82": {
	"condition":[101103,-201103]
	  },
    "83": {
	"condition":[101104,-201104]
	  },
    "84": {
	"condition":[101105,-201105]
	  },
    "85": {
	"condition":[101106,-201106]
	  },
    "86": {
	"condition":[101107,-201107]
	  },
    "87": {
	"condition":[101108,-201108]
	  },
    "88": {
	"condition":[101109,-201109]
	  },
    "89": {
	"condition":[101110,-201110]
	  },
    "90": {
	"condition":[101157,-201157]
	  },
    "91": {
	"condition":[101096,-114035]
	  },
    "92": {
	"condition":[101122,-114036]
	  },
    "93": {
	"condition":[101157,-114049]
	  },
    "94": {
	"condition":[101189,-114037]
	  },
    "95": {
	"condition":[101226,-114039]
	  },
	"96": {
	"condition":[131000],
	"stage":3
	  },
	"97": {
	"condition":[131001],
	"stage":3
	  },
	"98": {
	"condition":[131002],
	"stage":3
	  }
	}
}