14,-1,-1,-1,-1,    //マップ番号 0～16,　アイテム報酬型ステージ設定(-1:OFF),　スコア報酬型ステージ設定(-1:OFF)
2,					//マップパターン 0～
50,1500,77,90,78,5,1149,1,-1,			//1ステージ
75,2250,77,99,78,10,1149,1,-1,		//2ステージ
100,3000,78,100,78,30,1149,1,-1,		//3ステージ

//ＥＧコラボ　マップ１
//消費統率力			0
//クリア時の獲得XP		1
//サウンド（スタート時）	2
//サウンド ボス出現時の城体力％	3
//サウンド（ボス）		4
//アイテム入手確率		0～100%
//アイテム番号	0:スピードアップ	1:トレジャーレーダー	2:ネコボン	3:ニャンピュータ	4：おかめはちもく	5:スニャイパー	6:XP	11:にゃんこチケット	12：レアチケット
//貰える数		0