15,-1,-1,-1,-1,				//マップ番号(0～17)，アイテム報酬型ステージ設定(-1:OFF)，スコア報酬型ステージ設定(-1:OFF)，ステージ表示タイミング，プレイ可能タイミング，
4,					//マップ番号によるマップパターン(0～3)，
20,600,3,90,33,5,1134,1,-1,		//1ステージ
35,1050,32,99,31,10,1134,1,-1,		//2ステージ
50,1500,33,100,33,25,1134,1,-1,		//3ステージ
70,2100,3,99,31,50,1134,1,-1,		//4ステージ
90,2700,30,99,33,100,1134,1,-1,		//5ステージ


//まどマギコラボステージ（ノーマル）
//消費統率力			0
//クリア時の獲得XP		1
//サウンド（スタート時）	2
//サウンド ボス出現時の城体力％	3
//サウンド（ボス）		4
//アイテム入手確率		0～100%
//アイテム番号	0:スピードアップ	1:トレジャーレーダー	2:ネコボン	3:ニャンピュータ	4：おかめはちもく	5:スニャイパー	6:XP	11:にゃんこチケット	12：レアチケット	1000自衛隊キャラクター
//貰える数		0