GatyaType	利用形態(0:チケット、1:単発、2:連続、3:プラチナ、4:ステップアップ)	イベントトークン1(UU)	イベントトークン2(total)
0	0	jbx0ar	p91apx	レアガチャ
0	1	jbx0ar	p91apx	レアガチャ
0	2	gwt8uj	cxwqzk	レアガチャ
0	3	hcz9ku		プラチナガチャ
1	0	gru8b9	d22pak	ノーマルガチャ
1	1	gru8b9	d22pak	ノーマルガチャ
1	2	qbjzs4	zglouf	ノーマルガチャ
2	0			イベントガチャ
2	1			イベントガチャ
2	2			イベントガチャ
