{"data":[{"name":"上から","model":{"value":0},"count":{"value":70},"x":{"min":{"value":0,"base":"worldLeft"},"max":{"value":100,"base":"worldRight"}},"y":{"value":0,"base":"worldTop"},"startY":{"min":{"value":0,"base":"worldTop"},"max":{"value":0,"base":"worldBottom"}},"z":{"value":0,"base":"frontChara"},"scale":{"min":{"value":70,"base":"percentToFloat"},"max":{"value":140,"base":"percentToFloat"},"randGroup":"0"},"vy":{"value":0},"v":{"min":{"value":40,"base":"secondToFrame"},"max":{"value":90,"base":"secondToFrame"},"randGroup":"0"},"moveAngle":{"min":{"value":85},"max":{"value":120}},"destroyLeft":{"value":0,"base":"worldLeft"},"destroyBottom":{"value":100,"base":"worldBottom"}},{"name":"右から","model":{"value":0},"count":{"value":70},"x":{"value":100,"base":"worldRight"},"y":{"min":{"value":0,"base":"worldTop"},"max":{"value":0,"base":"worldBottom"}},"startY":{"min":{"value":0,"base":"worldTop"},"max":{"value":0,"base":"worldBottom"}},"z":{"value":0,"base":"frontChara"},"scale":{"min":{"value":70,"base":"percentToFloat"},"max":{"value":95,"base":"percentToFloat"},"randGroup":"0"},"v":{"min":{"value":80,"base":"secondToFrame"},"max":{"value":170,"base":"secondToFrame"}},"moveAngle":{"min":{"value":60},"max":{"value":90}},"destroyLeft":{"value":0,"base":"worldLeft"},"destroyBottom":{"value":100,"base":"worldBottom"}}]}