{"data":[{"file":{"image":"bgEffect_001.png","imgcut":"bgEffect_001.imgcut","model":"bgEffect_001_00.mamodel","anime":"bgEffect_001_00_0.maanim"},"name":"「ストⅤコラボ」エフェクト【豪鬼】『雨粒1』","count":{"value":100},"x":{"min":{"value":-500,"base":"worldLeft"},"max":{"value":0,"base":"worldRight"}},"startX":{"min":{"value":-500,"base":"worldLeft"},"max":{"value":0,"base":"worldRight"}},"y":{"min":{"value":-500,"base":"worldTop"},"max":{"value":0,"base":"worldBottom"}},"z":{"value":0,"base":"frontChara"},"scale":{"min":{"value":0.5},"max":{"value":1}},"angle":{"value":-90},"alpha":{"value":150},"vx":{"value":100},"vy":{"value":100},"destroyRight":{"value":100,"base":"worldRight"},"destroyBottom":{"value":200,"base":"worldBottom"},"frame":{"value":0}},{"file":{"image":"bgEffect_001.png","imgcut":"bgEffect_001.imgcut","model":"bgEffect_001_01.mamodel","anime":"bgEffect_001_01_0.maanim"},"name":"「ストⅤコラボ」エフェクト【豪鬼】『雨粒2』","count":{"value":100},"x":{"min":{"value":-500,"base":"worldLeft"},"max":{"value":0,"base":"worldRight"}},"startX":{"min":{"value":-500,"base":"worldLeft"},"max":{"value":0,"base":"worldRight"}},"y":{"min":{"value":-500,"base":"worldTop"},"max":{"value":0,"base":"worldBottom"}},"z":{"value":0,"base":"frontChara"},"scale":{"min":{"value":0.4},"max":{"value":0.7}},"angle":{"value":-90},"alpha":{"value":150},"vx":{"value":100},"vy":{"value":100},"destroyRight":{"value":0,"base":"worldRight"},"destroyBottom":{"value":200,"base":"worldBottom"},"frame":{"value":0}},{"file":{"image":"bgEffect_025.png","imgcut":"bgEffect_025.imgcut","model":"bgEffect_025_00.mamodel","anime":"bgEffect_025_00_0.maanim"},"name":"戴冠式背景　ブライダルアニメ　窓の雷","count":{"value":1},"x":{"value":5500},"y":{"value":-800},"z":{"value":0,"base":"frontChara"},"scale":{"value":150},"angle":{"value":90},"alpha":{"value":100},"frame":{"value":0}},{"file":{"image":"bgEffect_005.png","imgcut":"bgEffect_005.imgcut","model":"bgEffect_005_00.mamodel","anime":"bgEffect_005_00_0.maanim"},"name":"宇宙編ゾンビ専用背景 ゾンビ色の水平煙","count":{"value":20},"x":{"value":-300,"base":"worldLeft"},"startX":{"min":{"value":-100,"base":"worldLeft"},"max":{"value":200,"base":"worldRight"}},"y":{"min":{"value":500},"max":{"value":550}},"z":{"value":0,"base":"backChara"},"scale":{"value":2.5},"alpha":{"min":{"value":70},"max":{"value":100}},"vx":{"min":{"value":10,"base":"secondToFrame"},"max":{"value":20,"base":"secondToFrame"}},"destroyRight":{"value":200,"base":"worldRight"},"frame":{"min":{"value":0},"max":{"value":40}}},{"file":{"image":"bgEffect_005.png","imgcut":"bgEffect_005.imgcut","model":"bgEffect_005_00.mamodel","anime":"bgEffect_005_00_0.maanim"},"name":"宇宙編ゾンビ専用背景 ゾンビ色の水平煙","count":{"value":20},"x":{"value":-300,"base":"worldLeft"},"startX":{"min":{"value":-100,"base":"worldLeft"},"max":{"value":200,"base":"worldRight"}},"y":{"min":{"value":1000},"max":{"value":500,"base":"worldBottom"}},"z":{"value":0,"base":"backChara"},"scale":{"min":{"value":4},"max":{"value":5}},"alpha":{"min":{"value":70},"max":{"value":100}},"vx":{"min":{"value":20,"base":"secondToFrame"},"max":{"value":30,"base":"secondToFrame"}},"destroyRight":{"value":200,"base":"worldRight"},"frame":{"min":{"value":0},"max":{"value":40}}}]}