{"data":[{"file":{"image":"bgEffect_002.png","imgcut":"bgEffect_002.imgcut","model":"bgEffect_002_01.mamodel","anime":"bgEffect_002_01_0.maanim"},"name":"天光右1","count":{"value":1},"x":{"value":2200,"base":"worldLeft"},"y":{"value":-700},"z":{"value":0,"base":"frontChara"},"scaleX":{"value":10},"scaleY":{"value":12},"alpha":{"value":90},"frame":{"value":0}},{"file":{"image":"bgEffect_002.png","imgcut":"bgEffect_002.imgcut","model":"bgEffect_002_00.mamodel","anime":"bgEffect_002_00_0.maanim"},"name":"天光右2","count":{"value":1},"x":{"value":1900,"base":"worldLeft"},"y":{"value":-700},"z":{"value":0,"base":"frontChara"},"scaleX":{"value":10},"scaleY":{"value":13},"alpha":{"value":90},"frame":{"value":0}},{"file":{"image":"bgEffect_002.png","imgcut":"bgEffect_002.imgcut","model":"bgEffect_002_01.mamodel","anime":"bgEffect_002_01_0.maanim"},"name":"天光右3","count":{"value":1},"x":{"value":1600,"base":"worldLeft"},"y":{"value":-700},"z":{"value":0,"base":"frontChara"},"scaleX":{"value":15},"scaleY":{"value":12},"alpha":{"value":90},"frame":{"value":0}},{"file":{"image":"bgEffect_002.png","imgcut":"bgEffect_002.imgcut","model":"bgEffect_002_01.mamodel","anime":"bgEffect_002_01_0.maanim"},"name":"天光右4","count":{"value":1},"x":{"value":1100,"base":"worldLeft"},"y":{"value":-700},"z":{"value":0,"base":"frontChara"},"scaleX":{"value":10},"scaleY":{"value":13},"alpha":{"value":70},"frame":{"value":0}},{"file":{"image":"bgEffect_002.png","imgcut":"bgEffect_002.imgcut","model":"bgEffect_002_00.mamodel","anime":"bgEffect_002_00_0.maanim"},"name":"天光右5","count":{"value":1},"x":{"value":800,"base":"worldLeft"},"y":{"value":-700},"z":{"value":0,"base":"frontChara"},"scaleX":{"value":14},"scaleY":{"value":14},"alpha":{"value":90},"frame":{"value":0}},{"file":{"image":"bgEffect_002.png","imgcut":"bgEffect_002.imgcut","model":"bgEffect_002_01.mamodel","anime":"bgEffect_002_01_0.maanim"},"name":"天光右6","count":{"value":1},"x":{"value":350,"base":"worldLeft"},"y":{"value":-700},"z":{"value":0,"base":"frontChara"},"scaleX":{"value":10},"scaleY":{"value":13},"alpha":{"value":70},"frame":{"value":0}}]}