{"data":[{"file":{"image":"bgEffect_012.png","imgcut":"bgEffect_012.imgcut","model":"bgEffect_012_00.mamodel","anime":"bgEffect_012_00_0.maanim"},"name":"雲","count":{"value":4},"x":{"value":0,"base":"worldLeft"},"startX":{"min":{"value":0,"base":"worldLeft"},"max":{"value":0,"base":"worldRight"}},"y":{"min":{"value":-100,"base":"worldTop"},"max":{"value":200}},"z":{"value":0,"base":"backChara"},"scale":{"min":{"value":3},"max":{"value":5}},"alpha":{"min":{"value":100},"max":{"value":255}},"vx":{"min":{"value":20,"base":"secondToFrame"},"max":{"value":30,"base":"secondToFrame"}},"destroyRight":{"value":0,"base":"worldRight"},"frame":{"min":{"value":0},"max":{"value":40}},"lifeTime":{"value":0}},{"file":{"image":"bgEffect_012.png","imgcut":"bgEffect_012.imgcut","model":"bgEffect_012_00.mamodel","anime":"bgEffect_012_00_1.maanim"},"name":"煙","count":{"value":4},"x":{"min":{"value":470},"max":{"value":570}},"y":{"value":330},"z":{"value":0,"base":"backChara"},"scale":{"value":1},"alpha":{"min":{"value":255},"max":{"value":100}},"vy":{"value":-1},"destroyTop":{"value":5},"frame":{"min":{"value":0},"max":{"value":40}},"lifeTime":{"value":100}},{"file":{"image":"bgEffect_012.png","imgcut":"bgEffect_012.imgcut","model":"bgEffect_012_00.mamodel","anime":"bgEffect_012_00_1.maanim"},"name":"煙","count":{"value":4},"x":{"min":{"value":1400},"max":{"value":1520}},"y":{"value":330},"z":{"value":0,"base":"backChara"},"scale":{"value":1},"alpha":{"min":{"value":255},"max":{"value":100}},"vy":{"value":-1},"destroyTop":{"value":5},"frame":{"min":{"value":0},"max":{"value":40}},"lifeTime":{"value":100}},{"file":{"image":"bgEffect_012.png","imgcut":"bgEffect_012.imgcut","model":"bgEffect_012_00.mamodel","anime":"bgEffect_012_00_2.maanim"},"name":"雷","count":{"value":1},"x":{"min":{"value":1000},"max":{"value":800}},"y":{"value":260},"z":{"value":0,"base":"backChara"},"scale":{"min":{"value":0.5},"max":{"value":1}},"frame":{"value":1},"wait":{"min":{"value":0},"max":{"value":100}},"lifeTime":{"value":20}},{"file":{"image":"bgEffect_012.png","imgcut":"bgEffect_012.imgcut","model":"bgEffect_012_00.mamodel","anime":"bgEffect_012_00_3.maanim"},"name":"雷","count":{"value":1},"x":{"min":{"value":1800},"max":{"value":1200}},"y":{"value":260},"z":{"value":0,"base":"backChara"},"scale":{"min":{"value":0.5},"max":{"value":1}},"frame":{"value":2},"wait":{"min":{"value":0},"max":{"value":100}},"lifeTime":{"value":20}},{"file":{"image":"bgEffect_012.png","imgcut":"bgEffect_012.imgcut","model":"bgEffect_012_00.mamodel","anime":"bgEffect_012_00_1.maanim"},"name":"煙","count":{"value":2},"x":{"min":{"value":1250},"max":{"value":1200}},"y":{"value":300},"z":{"value":0,"base":"backChara"},"scale":{"value":0.5},"alpha":{"value":100},"vy":{"value":-1},"destroyTop":{"value":3},"frame":{"min":{"value":0},"max":{"value":40}},"lifeTime":{"value":100}},{"file":{"image":"bgEffect_012.png","imgcut":"bgEffect_012.imgcut","model":"bgEffect_012_00.mamodel","anime":"bgEffect_012_00_1.maanim"},"name":"煙","count":{"value":3},"x":{"min":{"value":300},"max":{"value":230}},"y":{"value":300},"z":{"value":0,"base":"backChara"},"scale":{"value":0.5},"alpha":{"value":100},"vy":{"value":-1},"destroyTop":{"value":5},"frame":{"min":{"value":0},"max":{"value":40}},"lifeTime":{"value":100}},{"file":{"image":"bgEffect_012.png","imgcut":"bgEffect_012.imgcut","model":"bgEffect_012_00.mamodel","anime":"bgEffect_012_00_5.maanim"},"name":"雷雲光る","count":{"value":1},"x":{"min":{"value":0,"base":"worldLeft"},"max":{"value":0,"base":"worldRight"}},"y":{"min":{"value":-100},"max":{"value":100}},"z":{"value":0,"base":"backChara"},"scaleX":{"min":{"value":3},"max":{"value":4}},"scaleY":{"min":{"value":3},"max":{"value":4}},"alpha":{"min":{"value":0},"max":{"value":255}},"frame":{"value":2},"wait":{"min":{"value":0},"max":{"value":100}},"lifeTime":{"value":20}},{"file":{"image":"bgEffect_012.png","imgcut":"bgEffect_012.imgcut","model":"bgEffect_012_00.mamodel","anime":"bgEffect_012_00_4.maanim"},"name":"加算渦","count":{"value":5},"x":{"value":530},"y":{"value":330},"z":{"value":0,"base":"backChara"},"scaleX":{"value":5},"scaleY":{"value":2},"frame":{"min":{"value":0},"max":{"value":40}}},{"file":{"image":"bgEffect_012.png","imgcut":"bgEffect_012.imgcut","model":"bgEffect_012_00.mamodel","anime":"bgEffect_012_00_4.maanim"},"name":"加算渦","count":{"value":5},"x":{"value":1470},"y":{"value":330},"z":{"value":0,"base":"backChara"},"scaleX":{"value":5},"scaleY":{"value":2},"frame":{"min":{"value":0},"max":{"value":40}}},{"file":{"image":"bgEffect_012.png","imgcut":"bgEffect_012.imgcut","model":"bgEffect_012_00.mamodel","anime":"bgEffect_012_00_4.maanim"},"name":"加算渦うしろ","count":{"value":5},"x":{"value":1240},"y":{"value":310},"z":{"value":0,"base":"backChara"},"scaleX":{"value":3},"scaleY":{"value":1},"alpha":{"value":100},"frame":{"min":{"value":0},"max":{"value":40}}},{"file":{"image":"bgEffect_012.png","imgcut":"bgEffect_012.imgcut","model":"bgEffect_012_00.mamodel","anime":"bgEffect_012_00_5.maanim"},"name":"雷雲光る","count":{"value":1},"x":{"min":{"value":0,"base":"worldLeft"},"max":{"value":0,"base":"worldRight"}},"y":{"min":{"value":150},"max":{"value":200}},"z":{"value":0,"base":"backChara"},"scale":{"min":{"value":1},"max":{"value":2}},"alpha":{"min":{"value":0},"max":{"value":255}},"frame":{"value":2},"wait":{"min":{"value":0},"max":{"value":100}},"lifeTime":{"value":20}},{"file":{"image":"bgEffect_012.png","imgcut":"bgEffect_012.imgcut","model":"bgEffect_012_00.mamodel","anime":"bgEffect_012_00_2.maanim"},"name":"雷","count":{"value":1},"x":{"min":{"value":0,"base":"worldLeft"},"max":{"value":0,"base":"worldRight"}},"y":{"min":{"value":200},"max":{"value":250}},"z":{"value":0,"base":"backChara"},"scaleX":{"min":{"value":3},"max":{"value":6}},"scaleY":{"min":{"value":3},"max":{"value":6}},"frame":{"value":1},"wait":{"min":{"value":0},"max":{"value":300}},"lifeTime":{"value":20}}]}