{"data":[{"file":{"image":"bgEffect_011.png","imgcut":"bgEffect_011.imgcut","model":"bgEffect_011_00.mamodel","anime":"bgEffect_011_00_0.maanim"},"name":"蛍　左","count":{"value":1},"x":{"value":500,"base":"worldLeft"},"y":{"value":350},"z":{"value":0,"base":"backChara"},"scale":{"value":1.5},"frame":{"value":0}},{"file":{"image":"bgEffect_011.png","imgcut":"bgEffect_011.imgcut","model":"bgEffect_011_00.mamodel","anime":"bgEffect_011_00_0.maanim"},"name":"蛍　右","count":{"value":1},"x":{"value":1600,"base":"worldLeft"},"y":{"value":350},"z":{"value":0,"base":"backChara"},"scale":{"value":1.5},"frame":{"value":0}},{"file":{"image":"bgEffect_011.png","imgcut":"bgEffect_011.imgcut","model":"bgEffect_011_00.mamodel","anime":"bgEffect_011_00_1.maanim"},"name":"星2","count":{"value":20},"x":{"min":{"value":0,"base":"worldLeft"},"max":{"value":0,"base":"worldRight"}},"y":{"min":{"value":0,"base":"worldTop"},"max":{"value":-90}},"z":{"value":0,"base":"backChara"},"scale":{"min":{"value":0.6},"max":{"value":1.5}},"frame":{"value":0}},{"file":{"image":"bgEffect_011.png","imgcut":"bgEffect_011.imgcut","model":"bgEffect_011_00.mamodel","anime":"bgEffect_011_00_0.maanim"},"name":"蛍　うしろ","count":{"value":2},"x":{"value":1600,"base":"worldLeft"},"y":{"value":250},"z":{"value":0,"base":"backChara"},"scale":{"value":0.5},"frame":{"value":0}},{"file":{"image":"bgEffect_011.png","imgcut":"bgEffect_011.imgcut","model":"bgEffect_011_00.mamodel","anime":"bgEffect_011_00_0.maanim"},"name":"蛍　うしろ","count":{"value":1},"x":{"value":300,"base":"worldLeft"},"y":{"value":250},"z":{"value":0,"base":"backChara"},"scale":{"value":0.5},"angle":{"value":180},"frame":{"value":0}},{"file":{"image":"bgEffect_011.png","imgcut":"bgEffect_011.imgcut","model":"bgEffect_011_00.mamodel","anime":"bgEffect_011_00_0.maanim"},"name":"蛍　うしろ","count":{"value":1},"x":{"value":900,"base":"worldLeft"},"y":{"value":250},"z":{"value":0,"base":"backChara"},"scale":{"value":0.5},"frame":{"value":0}},{"file":{"image":"bgEffect_011.png","imgcut":"bgEffect_011.imgcut","model":"bgEffect_011_00.mamodel","anime":"bgEffect_011_00_0.maanim"},"name":"蛍　うしろ","count":{"value":1},"x":{"value":2260,"base":"worldLeft"},"y":{"value":250},"z":{"value":0,"base":"backChara"},"scale":{"value":0.5},"angle":{"value":180},"frame":{"value":0}},{"file":{"image":"bgEffect_011.png","imgcut":"bgEffect_011.imgcut","model":"bgEffect_011_00.mamodel","anime":"bgEffect_011_00_2.maanim"},"name":"赤い星","count":{"value":5},"x":{"min":{"value":0,"base":"worldLeft"},"max":{"value":0,"base":"worldRight"}},"y":{"min":{"value":0,"base":"worldTop"},"max":{"value":-90}},"z":{"value":0,"base":"backChara"},"scale":{"min":{"value":0.6},"max":{"value":1.5}},"frame":{"value":0}},{"file":{"image":"bgEffect_011.png","imgcut":"bgEffect_011.imgcut","model":"bgEffect_011_00.mamodel","anime":"bgEffect_011_00_3.maanim"},"name":"白星","count":{"value":20},"x":{"min":{"value":0,"base":"worldLeft"},"max":{"value":0,"base":"worldRight"}},"y":{"min":{"value":0,"base":"worldTop"},"max":{"value":-90}},"z":{"value":0,"base":"backChara"},"scale":{"min":{"value":0.6},"max":{"value":1.5}},"frame":{"value":0}},{"file":{"image":"bgEffect_011.png","imgcut":"bgEffect_011.imgcut","model":"bgEffect_011_00.mamodel","anime":"bgEffect_011_00_4.maanim"},"name":"流れ星","count":{"value":1},"x":{"min":{"value":0,"base":"worldLeft"},"max":{"value":0,"base":"worldRight"}},"y":{"min":{"value":0,"base":"worldTop"},"max":{"value":-90}},"z":{"value":0,"base":"backChara"},"scale":{"min":{"value":0.6},"max":{"value":1.5}},"frame":{"value":0}}]}