{"data":[{"file":{"image":"bgEffect_015.png","imgcut":"bgEffect_015.imgcut","model":"bgEffect_015_00.mamodel","anime":"bgEffect_015_00_0.maanim"},"name":"霧のようなもの","count":{"value":10},"x":{"value":0,"base":"worldLeft"},"startX":{"min":{"value":0,"base":"worldLeft"},"max":{"value":0,"base":"worldRight"}},"y":{"min":{"value":300},"max":{"value":-300,"base":"worldBottom"}},"z":{"value":0,"base":"backChara"},"scale":{"min":{"value":0.5},"max":{"value":2}},"angle":{"min":{"value":0},"max":{"value":300}},"alpha":{"value":50},"vx":{"min":{"value":70,"base":"secondToFrame"},"max":{"value":100,"base":"secondToFrame"}},"destroyRight":{"value":200,"base":"worldRight"},"frame":{"value":0}},{"file":{"image":"bgEffect_015.png","imgcut":"bgEffect_015.imgcut","model":"bgEffect_015_00.mamodel","anime":"bgEffect_015_00_1.maanim"},"name":"ひかり","count":{"value":20},"x":{"min":{"value":0,"base":"worldLeft"},"max":{"value":0,"base":"worldRight"}},"y":{"value":400},"startY":{"min":{"value":0,"base":"worldTop"},"max":{"value":400}},"z":{"value":0,"base":"backChara"},"scale":{"min":{"value":0.1},"max":{"value":0.2}},"alpha":{"min":{"value":200},"max":{"value":255}},"vy":{"min":{"value":-50,"base":"secondToFrame"},"max":{"value":-30,"base":"secondToFrame"}},"destroyTop":{"value":-100,"base":"worldTop"},"frame":{"value":0}},{"file":{"image":"bgEffect_015.png","imgcut":"bgEffect_015.imgcut","model":"bgEffect_015_00.mamodel","anime":"bgEffect_015_00_2.maanim"},"name":"岩","count":{"value":20},"x":{"min":{"value":0,"base":"worldLeft"},"max":{"value":0,"base":"worldRight"}},"y":{"value":900},"startY":{"min":{"value":0,"base":"worldTop"},"max":{"value":400}},"z":{"value":0,"base":"backChara"},"scale":{"min":{"value":0.6},"max":{"value":1}},"angle":{"min":{"value":0},"max":{"value":300}},"alpha":{"min":{"value":100},"max":{"value":255}},"vy":{"min":{"value":-30,"base":"secondToFrame"},"max":{"value":-10,"base":"secondToFrame"}},"destroyTop":{"value":-100,"base":"worldTop"},"frame":{"value":0}},{"file":{"image":"bgEffect_015.png","imgcut":"bgEffect_015.imgcut","model":"bgEffect_015_00.mamodel","anime":"bgEffect_015_00_2.maanim"},"name":"岩手前左","count":{"value":10},"x":{"min":{"value":-200},"max":{"value":1000}},"y":{"value":900},"startY":{"min":{"value":800},"max":{"value":1000}},"z":{"value":0,"base":"frontChara"},"scale":{"min":{"value":1},"max":{"value":2}},"angle":{"min":{"value":0},"max":{"value":300}},"alpha":{"value":255},"vy":{"min":{"value":-50,"base":"secondToFrame"},"max":{"value":-30,"base":"secondToFrame"}},"destroyTop":{"value":-100,"base":"worldTop"},"frame":{"value":0}},{"file":{"image":"bgEffect_015.png","imgcut":"bgEffect_015.imgcut","model":"bgEffect_015_00.mamodel","anime":"bgEffect_015_00_2.maanim"},"name":"岩手前右","count":{"value":10},"x":{"min":{"value":1600},"max":{"value":3000}},"y":{"value":900},"startY":{"min":{"value":800},"max":{"value":1000}},"z":{"value":0,"base":"frontChara"},"scale":{"min":{"value":1},"max":{"value":2}},"angle":{"min":{"value":0},"max":{"value":300}},"alpha":{"value":255},"vy":{"min":{"value":-50,"base":"secondToFrame"},"max":{"value":-30,"base":"secondToFrame"}},"destroyTop":{"value":-100,"base":"worldTop"},"frame":{"value":0}},{"file":{"image":"bgEffect_015.png","imgcut":"bgEffect_015.imgcut","model":"bgEffect_015_00.mamodel","anime":"bgEffect_015_00_4.maanim"},"name":"霧のようなもの","count":{"value":15},"x":{"value":0,"base":"worldLeft"},"startX":{"min":{"value":0,"base":"worldLeft"},"max":{"value":0,"base":"worldRight"}},"y":{"min":{"value":0,"base":"worldBottom"},"max":{"value":400,"base":"worldBottom"}},"z":{"value":0,"base":"frontChara"},"scale":{"min":{"value":7},"max":{"value":8}},"angle":{"min":{"value":0},"max":{"value":360}},"alpha":{"min":{"value":90},"max":{"value":100}},"vx":{"min":{"value":70,"base":"secondToFrame"},"max":{"value":100,"base":"secondToFrame"}},"destroyRight":{"value":600,"base":"worldRight"},"frame":{"value":0}},{"file":{"image":"bgEffect_015.png","imgcut":"bgEffect_015.imgcut","model":"bgEffect_015_00.mamodel","anime":"bgEffect_015_00_5.maanim"},"name":"上の色","equallySpaced":{"pos1":"0","pos2":"3","value":"1","base":"bgImage"},"count":{"value":1},"x":{"value":0},"y":{"value":300},"z":{"value":0,"base":"frontChara"},"scale":{"value":10},"alpha":{"value":50},"frame":{"value":0}},{"file":{"image":"bgEffect_015.png","imgcut":"bgEffect_015.imgcut","model":"bgEffect_015_00.mamodel","anime":"bgEffect_015_00_3.maanim"},"name":"太陽","count":{"value":1},"x":{"value":1290},"y":{"value":0,"base":"worldTop"},"z":{"value":0,"base":"backChara"},"scale":{"value":2},"angle":{"min":{"value":0},"max":{"value":300}},"alpha":{"value":255},"frame":{"value":0}}]}