{"data":[{"file":{"image":"bgEffect_021.png","imgcut":"bgEffect_021.imgcut","model":"bgEffect_021_00.mamodel","anime":"bgEffect_021_00_0.maanim"},"name":"奥　地面を這う霧","count":{"value":5},"x":{"value":-400,"base":"worldLeft"},"startX":{"min":{"value":300,"base":"worldLeft"},"max":{"value":300,"base":"worldRight"}},"y":{"min":{"value":350},"max":{"value":300}},"z":{"value":0,"base":"backChara"},"scale":{"min":{"value":5},"max":{"value":6}},"alpha":{"min":{"value":200},"max":{"value":255}},"vx":{"min":{"value":10,"base":"secondToFrame"},"max":{"value":20,"base":"secondToFrame"}},"destroyRight":{"value":400,"base":"worldRight"},"frame":{"min":{"value":0},"max":{"value":100}}},{"file":{"image":"bgEffect_021.png","imgcut":"bgEffect_021.imgcut","model":"bgEffect_021_00.mamodel","anime":"bgEffect_021_00_1.maanim"},"name":"赤い明滅左","count":{"value":1},"x":{"value":538},"y":{"value":118},"z":{"value":0,"base":"backChara"},"scale":{"value":1.5},"frame":{"value":0}},{"file":{"image":"bgEffect_021.png","imgcut":"bgEffect_021.imgcut","model":"bgEffect_021_00.mamodel","anime":"bgEffect_021_00_1.maanim"},"name":"赤い明滅右","count":{"value":1},"x":{"value":1500},"y":{"value":118},"z":{"value":0,"base":"backChara"},"scale":{"value":1.5},"frame":{"min":{"value":0},"max":{"value":100}}},{"file":{"image":"bgEffect_021.png","imgcut":"bgEffect_021.imgcut","model":"bgEffect_021_00.mamodel","anime":"bgEffect_021_00_2.maanim"},"name":"扉明滅中","count":{"value":1},"x":{"value":718},"y":{"value":127},"z":{"value":0,"base":"backChara"},"scale":{"value":1},"frame":{"min":{"value":0},"max":{"value":100}}},{"file":{"image":"bgEffect_021.png","imgcut":"bgEffect_021.imgcut","model":"bgEffect_021_00.mamodel","anime":"bgEffect_021_00_3.maanim"},"name":"扉明滅右","count":{"value":1},"x":{"value":1677},"y":{"value":127},"z":{"value":0,"base":"backChara"},"scale":{"value":1},"frame":{"min":{"value":0},"max":{"value":100}}},{"file":{"image":"bgEffect_021.png","imgcut":"bgEffect_021.imgcut","model":"bgEffect_021_00.mamodel","anime":"bgEffect_021_00_3.maanim"},"name":"扉明滅左","count":{"value":1},"x":{"value":-245},"y":{"value":127},"z":{"value":0,"base":"backChara"},"scale":{"value":1},"frame":{"min":{"value":0},"max":{"value":100}}},{"file":{"image":"bgEffect_021.png","imgcut":"bgEffect_021.imgcut","model":"bgEffect_021_00.mamodel","anime":"bgEffect_021_00_4.maanim"},"name":"加算粒光1","count":{"value":1},"x":{"value":118},"y":{"value":250},"z":{"value":0,"base":"backChara"},"scale":{"value":1.4},"frame":{"min":{"value":0},"max":{"value":100}}},{"file":{"image":"bgEffect_021.png","imgcut":"bgEffect_021.imgcut","model":"bgEffect_021_00.mamodel","anime":"bgEffect_021_00_4.maanim"},"name":"加算粒光2","count":{"value":2},"x":{"value":870},"y":{"value":250},"z":{"value":0,"base":"backChara"},"scale":{"value":1.4},"alpha":{"min":{"value":150},"max":{"value":255}},"frame":{"min":{"value":0},"max":{"value":100}}},{"file":{"image":"bgEffect_021.png","imgcut":"bgEffect_021.imgcut","model":"bgEffect_021_00.mamodel","anime":"bgEffect_021_00_4.maanim"},"name":"加算粒光3","count":{"value":2},"x":{"value":1079},"y":{"value":250},"z":{"value":0,"base":"backChara"},"scale":{"value":1.4},"alpha":{"min":{"value":150},"max":{"value":255}},"frame":{"min":{"value":0},"max":{"value":100}}},{"file":{"image":"bgEffect_021.png","imgcut":"bgEffect_021.imgcut","model":"bgEffect_021_00.mamodel","anime":"bgEffect_021_00_4.maanim"},"name":"加算粒光4","count":{"value":2},"x":{"value":1830},"y":{"value":250},"z":{"value":0,"base":"backChara"},"scale":{"value":1.4},"alpha":{"min":{"value":150},"max":{"value":255}},"frame":{"min":{"value":0},"max":{"value":100}}},{"file":{"image":"bgEffect_021.png","imgcut":"bgEffect_021.imgcut","model":"bgEffect_021_00.mamodel","anime":"bgEffect_021_00_4.maanim"},"name":"加算粒光5","count":{"value":2},"x":{"value":2040},"y":{"value":250},"z":{"value":0,"base":"backChara"},"scale":{"value":1.4},"alpha":{"min":{"value":150},"max":{"value":255}},"frame":{"min":{"value":0},"max":{"value":100}}},{"file":{"image":"bgEffect_021.png","imgcut":"bgEffect_021.imgcut","model":"bgEffect_021_00.mamodel","anime":"bgEffect_021_00_4.maanim"},"name":"加算粒光0","count":{"value":2},"x":{"value":-90},"y":{"value":250},"z":{"value":0,"base":"backChara"},"scale":{"value":1.4},"alpha":{"min":{"value":150},"max":{"value":255}},"frame":{"min":{"value":0},"max":{"value":100}}},{"file":{"image":"bgEffect_021.png","imgcut":"bgEffect_021.imgcut","model":"bgEffect_021_00.mamodel","anime":"bgEffect_021_00_5.maanim"},"name":"吹き出す煙","count":{"value":1},"x":{"value":550},"y":{"value":300},"z":{"value":0,"base":"backChara"},"angle":{"value":-20},"wait":{"min":{"value":0},"max":{"value":300}},"startWait":{"min":{"value":0},"max":{"value":200}}},{"file":{"image":"bgEffect_021.png","imgcut":"bgEffect_021.imgcut","model":"bgEffect_021_00.mamodel","anime":"bgEffect_021_00_6.maanim"},"name":"吹き出しっぱなしの煙","count":{"value":1},"x":{"value":120},"y":{"value":320},"z":{"value":0,"base":"backChara"},"angle":{"value":200},"alpha":{"value":100}},{"file":{"image":"bgEffect_021.png","imgcut":"bgEffect_021.imgcut","model":"bgEffect_021_00.mamodel","anime":"bgEffect_021_00_6.maanim"},"name":"吹き出しっぱなしの煙","count":{"value":1},"x":{"value":1510},"y":{"value":310},"z":{"value":0,"base":"backChara"},"scale":{"value":2},"angle":{"value":120},"alpha":{"value":100}},{"file":{"image":"bgEffect_021.png","imgcut":"bgEffect_021.imgcut","model":"bgEffect_021_00.mamodel","anime":"bgEffect_021_00_0.maanim"},"name":"地面を這う霧","count":{"value":25},"x":{"value":-400,"base":"worldLeft"},"startX":{"min":{"value":300,"base":"worldLeft"},"max":{"value":300,"base":"worldRight"}},"y":{"min":{"value":1000},"max":{"value":600}},"z":{"value":0,"base":"frontChara"},"scale":{"min":{"value":5},"max":{"value":6}},"alpha":{"min":{"value":100},"max":{"value":200}},"vx":{"min":{"value":30,"base":"secondToFrame"},"max":{"value":40,"base":"secondToFrame"}},"destroyRight":{"value":400,"base":"worldRight"},"frame":{"min":{"value":0},"max":{"value":100}}},{"file":{"image":"bgEffect_021.png","imgcut":"bgEffect_021.imgcut","model":"bgEffect_021_00.mamodel","anime":"bgEffect_021_00_7.maanim"},"name":"地面を這う霧紫","count":{"value":25},"x":{"value":-400,"base":"worldLeft"},"startX":{"min":{"value":300,"base":"worldLeft"},"max":{"value":300,"base":"worldRight"}},"y":{"min":{"value":1000},"max":{"value":700}},"z":{"value":0,"base":"frontChara"},"scale":{"min":{"value":6},"max":{"value":7}},"alpha":{"min":{"value":100},"max":{"value":200}},"vx":{"min":{"value":30,"base":"secondToFrame"},"max":{"value":40,"base":"secondToFrame"}},"destroyRight":{"value":400,"base":"worldRight"},"frame":{"min":{"value":0},"max":{"value":100}}},{"file":{"image":"bgEffect_021.png","imgcut":"bgEffect_021.imgcut","model":"bgEffect_021_00.mamodel","anime":"bgEffect_021_00_7.maanim"},"name":"奥　地面を這う霧紫","count":{"value":5},"x":{"value":-400,"base":"worldLeft"},"startX":{"min":{"value":300,"base":"worldLeft"},"max":{"value":300,"base":"worldRight"}},"y":{"min":{"value":400},"max":{"value":340}},"z":{"value":0,"base":"backChara"},"scale":{"min":{"value":5},"max":{"value":6}},"alpha":{"min":{"value":200},"max":{"value":255}},"vx":{"min":{"value":10,"base":"secondToFrame"},"max":{"value":20,"base":"secondToFrame"}},"destroyRight":{"value":400,"base":"worldRight"},"frame":{"min":{"value":0},"max":{"value":100}}}]}