{"data":[{"file":{"image":"bgEffect_012.png","imgcut":"bgEffect_012.imgcut","model":"bgEffect_012_00.mamodel","anime":"bgEffect_012_00_5.maanim"},"name":"魔界編背景　マグマ　雷雲光る","count":{"value":3},"x":{"min":{"value":0,"base":"worldLeft"},"max":{"value":0,"base":"worldRight"}},"y":{"min":{"value":-100},"max":{"value":100}},"z":{"value":0,"base":"backChara"},"scale":{"min":{"value":4},"max":{"value":5}},"alpha":{"value":100},"frame":{"value":0},"startWait":{"min":{"value":0},"max":{"value":500}},"lifeTime":{"min":{"value":50},"max":{"value":900}}},{"file":{"image":"bgEffect_012.png","imgcut":"bgEffect_012.imgcut","model":"bgEffect_012_00.mamodel","anime":"bgEffect_012_00_2.maanim"},"name":"魔界編背景　マグマ　雷１","count":{"value":1},"x":{"min":{"value":900},"max":{"value":1080}},"y":{"min":{"value":250},"max":{"value":280}},"z":{"value":0,"base":"backChara"},"scale":{"min":{"value":1.5},"max":{"value":2}},"alpha":{"value":100},"frame":{"value":0},"startWait":{"min":{"value":0},"max":{"value":500}},"lifeTime":{"min":{"value":50},"max":{"value":900}}},{"file":{"image":"bgEffect_012.png","imgcut":"bgEffect_012.imgcut","model":"bgEffect_012_00.mamodel","anime":"bgEffect_012_00_2.maanim"},"name":"魔界編背景　マグマ　雷１ 右","count":{"value":1},"x":{"min":{"value":1900},"max":{"value":2000}},"y":{"min":{"value":250},"max":{"value":280}},"z":{"value":0,"base":"backChara"},"scale":{"min":{"value":1.5},"max":{"value":2}},"alpha":{"value":100},"frame":{"value":0},"startWait":{"min":{"value":0},"max":{"value":500}},"lifeTime":{"min":{"value":50},"max":{"value":900}}},{"file":{"image":"bgEffect_020.png","imgcut":"bgEffect_020.imgcut","model":"bgEffect_020_00.mamodel","anime":"bgEffect_020_00_0.maanim"},"name":"汎用ゾンビ霧（暗）霧","count":{"value":10},"x":{"value":-500,"base":"worldLeft"},"startX":{"min":{"value":0,"base":"worldLeft"},"max":{"value":0,"base":"worldRight"}},"y":{"min":{"value":400},"max":{"value":0,"base":"worldBottom"}},"z":{"value":0,"base":"frontChara"},"scale":{"min":{"value":3},"max":{"value":4}},"angle":{"value":50},"alpha":{"value":100},"vx":{"min":{"value":10,"base":"secondToFrame"},"max":{"value":20,"base":"secondToFrame"}},"destroyRight":{"value":500,"base":"worldRight"},"frame":{"min":{"value":0},"max":{"value":100}}},{"file":{"image":"bgEffect_020.png","imgcut":"bgEffect_020.imgcut","model":"bgEffect_020_00.mamodel","anime":"bgEffect_020_00_0.maanim"},"name":"ゾンビ霧 奥（魔界編素材）","count":{"value":50},"x":{"value":-500,"base":"worldLeft"},"startX":{"min":{"value":0,"base":"worldLeft"},"max":{"value":0,"base":"worldRight"}},"y":{"min":{"value":400},"max":{"value":300}},"z":{"value":0,"base":"backChara"},"scale":{"min":{"value":1},"max":{"value":2}},"angle":{"value":-90},"alpha":{"value":100},"vx":{"min":{"value":10,"base":"secondToFrame"},"max":{"value":20,"base":"secondToFrame"}},"destroyRight":{"value":500,"base":"worldRight"},"frame":{"min":{"value":0},"max":{"value":100}}},{"file":{"image":"bgEffect_011.png","imgcut":"bgEffect_011.imgcut","model":"bgEffect_011_00.mamodel","anime":"bgEffect_011_00_0.maanim"},"count":{"value":10},"x":{"min":{"value":0,"base":"worldLeft"},"max":{"value":0,"base":"worldRight"}},"y":{"min":{"value":200},"max":{"value":400}},"z":{"value":0,"base":"backChara"},"angle":{"value":0},"alpha":{"min":{"value":10},"max":{"value":15}},"frame":{"value":0}}]}