{"data":[{"file":{"image":"bgEffect_024.png","imgcut":"bgEffect_024.imgcut","model":"bgEffect_024_00.mamodel","anime":"bgEffect_024_00_0.maanim"},"name":"土埃1　地面","count":{"value":5},"x":{"value":200,"base":"worldRight"},"startX":{"min":{"value":0,"base":"worldLeft"},"max":{"value":0,"base":"worldRight"}},"y":{"min":{"value":300},"max":{"value":550}},"z":{"value":0,"base":"frontChara"},"scale":{"min":{"value":2},"max":{"value":4}},"alpha":{"value":35},"v":{"min":{"value":-5},"max":{"value":-10}},"destroyLeft":{"value":-300,"base":"worldLeft"},"frame":{"value":0}},{"file":{"image":"bgEffect_024.png","imgcut":"bgEffect_024.imgcut","model":"bgEffect_024_00.mamodel","anime":"bgEffect_024_00_1.maanim"},"name":"土埃2　全体","count":{"value":30},"x":{"value":200,"base":"worldRight"},"startX":{"min":{"value":0,"base":"worldLeft"},"max":{"value":0,"base":"worldRight"}},"y":{"min":{"value":-400},"max":{"value":1000}},"z":{"value":0,"base":"frontChara"},"scale":{"min":{"value":5},"max":{"value":10}},"alpha":{"value":20},"v":{"min":{"value":-13},"max":{"value":-1}},"destroyLeft":{"value":-300,"base":"worldLeft"},"startFrame":{"min":{"value":0},"max":{"value":20}}},{"file":{"image":"bgEffect_024.png","imgcut":"bgEffect_024.imgcut","model":"bgEffect_024_00.mamodel","anime":"bgEffect_024_00_2.maanim"},"name":"土埃1　地面","count":{"value":20},"x":{"value":200,"base":"worldRight"},"startX":{"min":{"value":0,"base":"worldLeft"},"max":{"value":0,"base":"worldRight"}},"y":{"min":{"value":0},"max":{"value":230}},"z":{"value":0,"base":"backChara"},"scale":{"min":{"value":2},"max":{"value":4}},"alpha":{"value":100},"v":{"min":{"value":-5},"max":{"value":-8}},"destroyLeft":{"value":-300,"base":"worldLeft"},"startFrame":{"min":{"value":0},"max":{"value":20}}},{"file":{"image":"bgEffect_024.png","imgcut":"bgEffect_024.imgcut","model":"bgEffect_024_00.mamodel","anime":"bgEffect_024_00_3.maanim"},"name":"土埃1　地面","count":{"value":20},"x":{"value":200,"base":"worldRight"},"startX":{"min":{"value":0,"base":"worldLeft"},"max":{"value":0,"base":"worldRight"}},"y":{"min":{"value":0},"max":{"value":230}},"z":{"value":0,"base":"backChara"},"scale":{"min":{"value":2},"max":{"value":4}},"alpha":{"value":25},"v":{"min":{"value":-5},"max":{"value":-8}},"destroyLeft":{"value":-300,"base":"worldLeft"},"frame":{"value":0}}]}