15,-1,-1,-1,-1,    //マップ番号 0～16,　アイテム報酬型ステージ設定(-1:OFF),　スコア報酬型ステージ設定(-1:OFF)
7,					//マップパターン 0～
150,4000,3,99,33,5,10354,1,-1,			//1ステージ
150,4000,30,99,33,100,10354,1,-1,		//2ステージ

//チョコレート　開眼マップ
//消費統率力			0
//クリア時の獲得XP		1
//サウンド（スタート時）	2
//サウンド ボス出現時の城体力％	3
//サウンド（ボス）		4
//アイテム入手確率		0～100%
//アイテム番号	0:スピードアップ	1:トレジャーレーダー	2:ネコボン	3:ニャンピュータ	4：おかめはちもく	5:スニャイパー	6:XP	11:にゃんこチケット	12：レアチケット 1002：ねこひめ
//貰える数		0