15,-1,-1,-1,-1,    //マップ番号 0～15
4,	//マップパターン 0～
50,1500,3,90,33,1,1173,1,-1,			//1ステージ
60,1800,3,99,30,3,1173,1,-1,			//2ステージ
75,2250,30,99,33,5,1173,1,-1,			//3ステージ
90,2700,31,100,31,10,1173,1,-1,			//4ステージ
100,3000,3,99,33,25,1173,1,-1,		//5ステージ

//ＲＭコラボキャラドロップステージ
//消費統率力			0
//クリア時の獲得XP		1
//サウンド（スタート時）	2
//サウンド ボス出現時の城体力％	3
//サウンド（ボス）		4
//アイテム入手確率		0～100%
//アイテム番号	0:スピードアップ	1:トレジャーレーダー	2:ネコボン	3:ニャンピュータ	4：おかめはちもく	5:スニャイパー	6:XP	11:にゃんこチケット	12：レアチケット	1000自衛隊キャラクター
//貰える数		0