3,-1,14,-1,-1,    //マップ番号 0～17
3,		//マップパターン 0～
100,3000,31,99,4,100,1121,1,-2,-2,-2,-2,-2,-2,-2,1,3500,1,1,2500,11,2,1500,11,1,500,6,250000,-1,		//1ステージ


//メタルスラッグディフェンス 後半
//消費統率力			0
//クリア時の獲得XP		1
//サウンド（スタート時）	2
//サウンド ボス出現時の城体力％	3
//サウンド（ボス）		4
//アイテム入手確率		0～100%
//アイテム番号	0:スピードアップ	1:トレジャーレーダー	2:ネコボン	3:ニャンピュータ	4：おかめはちもく	5:スニャイパー	6:XP	11:にゃんこチケット	12：レアチケット	1000自衛隊キャラクター
//貰える数		0