14,202,-1,-1,-1,			//マップ番号(0～17)，アイテム報酬型ステージ設定(-1:OFF)，スコア報酬型ステージ設定(-1:OFF)，ステージ表示タイミング，プレイ可能タイミング，
2,					//マップ番号によるマップパターン(0～3)，
60,1800,140,100,140,100,5,1,1,0,1,1,-1,		//1ステージ
60,1800,3,100,3,100,55,1,1,0,1,1,-1,		//2ステージ
60,1800,140,100,140,100,11,1,1,0,1,1,-1,		//3ステージ


//二人三脚（1マップ）
//消費統率力			0
//クリア時の獲得XP		1
//サウンド（スタート時）	2
//サウンド ボス出現時の城体力％	3
//サウンド（ボス）		4
//アイテム入手確率		0～100%
//アイテム番号	0:スピードアップ	1:トレジャーレーダー	2:ネコボン	3:ニャンピュータ	4：おかめはちもく	5:スニャイパー	6:XP	11:にゃんこチケット	12：レアチケット	1000自衛隊キャラクター
//貰える数		0