15,-1,-1,-1,-1,    //マップ番号 0～16,　アイテム報酬型ステージ設定(-1:OFF),　スコア報酬型ステージ設定(-1:OFF)
1,					//マップパターン 0～
70,1330,31,0,3,1,0,1,-1,			//1ステージ
75,1425,3,99,32,1,0,1,-1,		//2ステージ
80,1520,3,90,6,1,4,1,-1,		//3ステージ
80,1520,3,0,3,1,0,1,-1,			//4ステージ
85,1615,3,0,3,1,3,1,-1,			//5ステージ
85,1615,3,99,32,1,0,1,-1,		//6ステージ
90,1710,3,0,3,1,2,1,-1,			//7ステージ
120,2280,3,99,33,5,6,18000,-1,		//8ステージ

//消費統率力			0
//クリア時の獲得XP		1
//サウンド（スタート時）	2
//サウンド ボス出現時の城体力％	3
//サウンド（ボス）		4
//アイテム入手確率		0～100%
//アイテム番号	0:スピードアップ	1:トレジャーレーダー	2:ネコボン	3:ニャンピュータ	4：おかめはちもく	5:スニャイパー
//貰える数		0