22,						//アイテム報酬型ステージ設定(-1:OFF)
3,						//全ステージ数
0,4000,30,99,33,70,40,1,0,85,35,1,100,30,1,-1,			//001_00ステージ
0,4000,30,99,33,50,40,1,0,81,35,1,100,30,1,-1,			//001_01ステージ
0,4000,30,99,33,35,40,1,0,77,35,1,100,30,1,-1,			//001_02ステージ


//EXマップ 001
//1行目　　：このEXマップの全ステージ数
//2行目　　：マップ番号によるマップパターン(0～3),
//3行目以降：消費統率力,クリア時の獲得XP,サウンド(スタート時),サウンド(ボス出現時の城体力％),サウンド(ボス),アイテム入手確率,アイテム番号,貰える数,
