{"data":[{"file":{"image":"bgEffect_004.png","imgcut":"bgEffect_004.imgcut","model":"bgEffect_004_00.mamodel","anime":"bgEffect_004_00_0.maanim"},"name":"UFO小","count":{"value":20},"x":{"value":0,"base":"worldLeft"},"startX":{"min":{"value":0,"base":"worldLeft"},"max":{"value":0,"base":"worldRight"}},"y":{"min":{"value":0,"base":"worldTop"},"max":{"value":150}},"z":{"value":0,"base":"backChara"},"scale":{"min":{"value":0.4},"max":{"value":0.5}},"angle":{"value":0},"vx":{"min":{"value":10,"base":"secondToFrame"},"max":{"value":60,"base":"secondToFrame"}},"destroyRight":{"value":0,"base":"worldRight"},"frame":{"value":0}},{"file":{"image":"bgEffect_004.png","imgcut":"bgEffect_004.imgcut","model":"bgEffect_004_02.mamodel","anime":"bgEffect_004_02_0.maanim"},"name":"UFO上下動激しい小","count":{"value":2},"x":{"value":0,"base":"worldLeft"},"startX":{"min":{"value":0,"base":"worldLeft"},"max":{"value":0,"base":"worldRight"}},"y":{"min":{"value":0,"base":"worldTop"},"max":{"value":50}},"z":{"value":0,"base":"backChara"},"scale":{"min":{"value":0.5},"max":{"value":0.8}},"angle":{"value":0},"vx":{"min":{"value":10,"base":"secondToFrame"},"max":{"value":60,"base":"secondToFrame"}},"destroyRight":{"value":0,"base":"worldRight"},"frame":{"value":0}},{"file":{"image":"bgEffect_004.png","imgcut":"bgEffect_004.imgcut","model":"bgEffect_004_02.mamodel","anime":"bgEffect_004_02_0.maanim"},"name":"UFO上下動激しい","count":{"value":1},"x":{"value":0,"base":"worldLeft"},"startX":{"min":{"value":0,"base":"worldLeft"},"max":{"value":0,"base":"worldRight"}},"y":{"min":{"value":-50,"base":"worldTop"},"max":{"value":120}},"z":{"value":0,"base":"backChara"},"scale":{"min":{"value":0.8},"max":{"value":1.3}},"angle":{"value":0},"vx":{"min":{"value":40,"base":"secondToFrame"},"max":{"value":90,"base":"secondToFrame"}},"destroyRight":{"value":0,"base":"worldRight"},"frame":{"value":0}},{"file":{"image":"bgEffect_004.png","imgcut":"bgEffect_004.imgcut","model":"bgEffect_004_01.mamodel","anime":"bgEffect_004_01_0.maanim"},"name":"UFO動作ゆるやか","count":{"value":10},"x":{"value":0,"base":"worldLeft"},"startX":{"min":{"value":0,"base":"worldLeft"},"max":{"value":0,"base":"worldRight"}},"y":{"min":{"value":-50,"base":"worldTop"},"max":{"value":120}},"z":{"value":0,"base":"backChara"},"scale":{"min":{"value":0.8},"max":{"value":1}},"angle":{"value":0},"vx":{"min":{"value":40,"base":"secondToFrame"},"max":{"value":90,"base":"secondToFrame"}},"destroyRight":{"value":0,"base":"worldRight"},"frame":{"value":0}},{"file":{"image":"bgEffect_004.png","imgcut":"bgEffect_004.imgcut","model":"bgEffect_004_00.mamodel","anime":"bgEffect_004_00_0.maanim"},"name":"UFO","count":{"value":10},"x":{"value":0,"base":"worldLeft"},"startX":{"min":{"value":0,"base":"worldLeft"},"max":{"value":0,"base":"worldRight"}},"y":{"min":{"value":0,"base":"worldTop"},"max":{"value":120}},"z":{"value":0,"base":"backChara"},"scale":{"min":{"value":1},"max":{"value":1.3}},"angle":{"value":0},"vx":{"min":{"value":40,"base":"secondToFrame"},"max":{"value":90,"base":"secondToFrame"}},"destroyRight":{"value":0,"base":"worldRight"},"frame":{"value":0}}]}