{"data":[{"file":{"image":"bgEffect_013.png","imgcut":"bgEffect_013.imgcut","model":"bgEffect_013_00.mamodel","anime":"bgEffect_013_00_0.maanim"},"name":"霧のようなもの","count":{"value":20},"x":{"value":-500,"base":"worldLeft"},"startX":{"min":{"value":0,"base":"worldLeft"},"max":{"value":0,"base":"worldRight"}},"y":{"min":{"value":0},"max":{"value":400}},"z":{"value":0,"base":"backChara"},"scale":{"min":{"value":5},"max":{"value":8}},"alpha":{"min":{"value":50},"max":{"value":100}},"vx":{"min":{"value":10,"base":"secondToFrame"},"max":{"value":20,"base":"secondToFrame"}},"destroyRight":{"value":600,"base":"worldRight"},"frame":{"value":0}},{"file":{"image":"bgEffect_013.png","imgcut":"bgEffect_013.imgcut","model":"bgEffect_013_00.mamodel","anime":"bgEffect_013_00_0.maanim"},"name":"霧のようなもの","count":{"value":10},"x":{"min":{"value":0,"base":"worldLeft"},"max":{"value":0,"base":"worldRight"}},"y":{"value":280},"z":{"value":0,"base":"backChara"},"scale":{"min":{"value":5},"max":{"value":8}},"alpha":{"value":25},"vy":{"min":{"value":-120,"base":"secondToFrame"},"max":{"value":-80,"base":"secondToFrame"}},"destroyTop":{"min":{"value":0},"max":{"value":200}},"frame":{"value":0}},{"file":{"image":"bgEffect_013.png","imgcut":"bgEffect_013.imgcut","model":"bgEffect_013_00.mamodel","anime":"bgEffect_013_00_0.maanim"},"name":"火の粉","count":{"value":30},"x":{"min":{"value":0,"base":"worldLeft"},"max":{"value":0,"base":"worldRight"}},"y":{"value":280},"z":{"value":0,"base":"backChara"},"scaleX":{"value":0.04},"scaleY":{"value":0.1},"angle":{"min":{"value":0},"max":{"value":360}},"alpha":{"value":255},"vy":{"min":{"value":-50,"base":"secondToFrame"},"max":{"value":-10,"base":"secondToFrame"}},"destroyTop":{"min":{"value":0,"base":"worldTop"},"max":{"value":300,"base":"worldTop"}},"frame":{"value":0}}]}