{"data":[{"file":{"image":"bgEffect_014.png","imgcut":"bgEffect_014.imgcut","model":"bgEffect_014_00.mamodel","anime":"bgEffect_014_00_0.maanim"},"name":"霧のようなもの","count":{"value":16},"x":{"value":-500,"base":"worldLeft"},"startX":{"min":{"value":0,"base":"worldLeft"},"max":{"value":0,"base":"worldRight"}},"y":{"min":{"value":150},"max":{"value":340}},"z":{"value":0,"base":"backChara"},"scaleX":{"min":{"value":0.5},"max":{"value":1}},"alpha":{"value":100},"vx":{"value":2},"destroyRight":{"value":600,"base":"worldRight"},"frame":{"value":0}},{"file":{"image":"bgEffect_014.png","imgcut":"bgEffect_014.imgcut","model":"bgEffect_014_00.mamodel","anime":"bgEffect_014_00_1.maanim"},"name":"加算","count":{"value":1},"x":{"value":0},"y":{"value":0},"z":{"value":0,"base":"backChara"},"scale":{"value":2.4},"alpha":{"value":50},"frame":{"value":0}},{"file":{"image":"bgEffect_014.png","imgcut":"bgEffect_014.imgcut","model":"bgEffect_014_00.mamodel","anime":"bgEffect_014_00_1.maanim"},"name":"加算","count":{"value":1},"x":{"value":960},"y":{"value":0},"z":{"value":0,"base":"backChara"},"scale":{"value":2.4},"alpha":{"value":50},"frame":{"value":0}},{"file":{"image":"bgEffect_014.png","imgcut":"bgEffect_014.imgcut","model":"bgEffect_014_00.mamodel","anime":"bgEffect_014_00_1.maanim"},"name":"加算","count":{"value":1},"x":{"value":-950},"y":{"value":0},"z":{"value":0,"base":"backChara"},"scale":{"value":2.4},"alpha":{"value":50},"frame":{"value":0}},{"file":{"image":"bgEffect_014.png","imgcut":"bgEffect_014.imgcut","model":"bgEffect_014_00.mamodel","anime":"bgEffect_014_00_1.maanim"},"name":"加算","count":{"value":1},"x":{"value":1920},"y":{"value":0},"z":{"value":0,"base":"backChara"},"scale":{"value":2.4},"alpha":{"value":50},"frame":{"value":0}},{"file":{"image":"bgEffect_014.png","imgcut":"bgEffect_014.imgcut","model":"bgEffect_014_00.mamodel","anime":"bgEffect_014_00_1.maanim"},"name":"加算","count":{"value":1},"x":{"value":2885},"y":{"value":0},"z":{"value":0,"base":"backChara"},"scale":{"value":2.4},"alpha":{"value":50},"frame":{"value":0}},{"file":{"image":"bgEffect_014.png","imgcut":"bgEffect_014.imgcut","model":"bgEffect_014_00.mamodel","anime":"bgEffect_014_00_2.maanim"},"name":"霧のようなもの","count":{"value":20},"x":{"value":-500,"base":"worldLeft"},"startX":{"min":{"value":0,"base":"worldLeft"},"max":{"value":0,"base":"worldRight"}},"y":{"min":{"value":260},"max":{"value":400}},"z":{"value":0,"base":"backChara"},"scaleX":{"min":{"value":0.5},"max":{"value":2}},"alpha":{"value":100},"vx":{"value":2},"destroyRight":{"value":600,"base":"worldRight"},"frame":{"value":0}},{"file":{"image":"bgEffect_014.png","imgcut":"bgEffect_014.imgcut","model":"bgEffect_014_00.mamodel","anime":"bgEffect_014_00_2.maanim"},"name":"霧のようなもの","count":{"value":7},"x":{"value":-500,"base":"worldLeft"},"startX":{"min":{"value":0,"base":"worldLeft"},"max":{"value":0,"base":"worldRight"}},"y":{"min":{"value":280},"max":{"value":340}},"z":{"value":0,"base":"backChara"},"scale":{"min":{"value":0.5},"max":{"value":1}},"scaleX":{"min":{"value":0.5},"max":{"value":2}},"alpha":{"value":100},"vx":{"value":1},"destroyRight":{"value":600,"base":"worldRight"},"frame":{"value":0}},{"file":{"image":"bgEffect_014.png","imgcut":"bgEffect_014.imgcut","model":"bgEffect_014_00.mamodel","anime":"bgEffect_014_00_2.maanim"},"name":"霧のようなもの","count":{"value":25},"x":{"value":-500,"base":"worldLeft"},"startX":{"min":{"value":0,"base":"worldLeft"},"max":{"value":0,"base":"worldRight"}},"y":{"min":{"value":500},"max":{"value":800}},"z":{"value":0,"base":"frontChara"},"scale":{"min":{"value":2},"max":{"value":3}},"scaleX":{"min":{"value":0.5},"max":{"value":2}},"alpha":{"value":50},"vx":{"value":3},"destroyRight":{"value":700,"base":"worldRight"},"frame":{"value":0}}]}