{"data":[{"file":{"image":"bgEffect_010.png","imgcut":"bgEffect_010.imgcut","model":"bgEffect_010_00.mamodel","anime":"bgEffect_010_00_0.maanim"},"name":"とんぼ　左","count":{"value":1},"x":{"value":100,"base":"worldLeft"},"y":{"value":-450},"z":{"value":0,"base":"backChara"},"frame":{"value":0}},{"file":{"image":"bgEffect_010.png","imgcut":"bgEffect_010.imgcut","model":"bgEffect_010_00.mamodel","anime":"bgEffect_010_00_0.maanim"},"name":"とんぼ　右","count":{"value":1},"x":{"value":2000,"base":"worldLeft"},"y":{"value":-600},"z":{"value":0,"base":"backChara"},"scaleX":{"value":-1},"frame":{"value":0}}]}