{"data":[{"file":{"image":"bgEffect_023.png","imgcut":"bgEffect_023.imgcut","model":"bgEffect_023_00.mamodel","anime":"bgEffect_023_00_0.maanim"},"name":"マグマ飛び散り左","count":{"value":1},"x":{"min":{"value":200},"max":{"value":500}},"y":{"min":{"value":300},"max":{"value":335}},"z":{"value":0,"base":"backChara"},"scale":{"min":{"value":0.5},"max":{"value":0.7}},"frame":{"min":{"value":0},"max":{"value":130}}},{"file":{"image":"bgEffect_023.png","imgcut":"bgEffect_023.imgcut","model":"bgEffect_023_00.mamodel","anime":"bgEffect_023_00_1.maanim"},"name":"手前のマグマの加算","equallySpaced":{"pos1":"0","pos2":"2","value":"1","base":"bgImage"},"count":{"value":1},"x":{"value":148},"y":{"value":564},"z":{"value":0,"base":"backChara"},"scale":{"value":1.25}},{"file":{"image":"bgEffect_023.png","imgcut":"bgEffect_023.imgcut","model":"bgEffect_023_00.mamodel","anime":"bgEffect_023_00_3.maanim"},"name":"上に生える岩","count":{"value":4},"x":{"min":{"value":0,"base":"worldLeft"},"max":{"value":0,"base":"worldRight"}},"y":{"min":{"value":-20},"max":{"value":20}},"z":{"value":0,"base":"backChara"},"scale":{"min":{"value":0.5},"max":{"value":2}}},{"file":{"image":"bgEffect_023.png","imgcut":"bgEffect_023.imgcut","model":"bgEffect_023_00.mamodel","anime":"bgEffect_023_00_4.maanim"},"name":"奥のマグマの加算","equallySpaced":{"pos1":"0","pos2":"2","value":"960","base":"default"},"count":{"value":1},"x":{"value":-300},"y":{"value":240},"z":{"value":0,"base":"backChara"},"scale":{"value":1.25},"frame":{"value":0}},{"file":{"image":"bgEffect_023.png","imgcut":"bgEffect_023.imgcut","model":"bgEffect_023_00.mamodel","anime":"bgEffect_023_00_5.maanim"},"name":"キャラ奥の煙","count":{"value":1},"x":{"value":800},"y":{"value":350},"z":{"value":0,"base":"backChara"},"scale":{"value":2},"angle":{"value":-30},"frame":{"min":{"value":0},"max":{"value":100}}},{"file":{"image":"bgEffect_023.png","imgcut":"bgEffect_023.imgcut","model":"bgEffect_023_00.mamodel","anime":"bgEffect_023_00_5.maanim"},"name":"手前の煙","count":{"value":1},"x":{"value":1250},"y":{"value":600},"z":{"value":0,"base":"frontChara"},"scale":{"value":3.2},"angle":{"value":-30},"frame":{"value":0}},{"file":{"image":"bgEffect_023.png","imgcut":"bgEffect_023.imgcut","model":"bgEffect_023_00.mamodel","anime":"bgEffect_023_00_5.maanim"},"name":"キャラ奥の煙左","count":{"value":1},"x":{"value":100},"y":{"value":400},"z":{"value":0,"base":"backChara"},"scale":{"value":2.2},"angle":{"value":-30},"alpha":{"value":150},"frame":{"min":{"value":0},"max":{"value":100}}},{"file":{"image":"bgEffect_023.png","imgcut":"bgEffect_023.imgcut","model":"bgEffect_023_00.mamodel","anime":"bgEffect_023_00_0.maanim"},"name":"マグマ飛び散り右","count":{"value":2},"x":{"min":{"value":1150},"max":{"value":1450}},"y":{"min":{"value":300},"max":{"value":335}},"z":{"value":0,"base":"backChara"},"scale":{"min":{"value":1},"max":{"value":0.7}},"frame":{"min":{"value":0},"max":{"value":200}}},{"file":{"image":"bgEffect_023.png","imgcut":"bgEffect_023.imgcut","model":"bgEffect_023_00.mamodel","anime":"bgEffect_023_00_2.maanim"},"name":"流れるマグマ","count":{"value":1},"x":{"value":-1200,"base":"worldRight"},"y":{"value":720},"z":{"value":0,"base":"frontChara"},"scale":{"value":2},"alpha":{"value":200},"frame":{"min":{"value":0},"max":{"value":1000}}},{"file":{"image":"bgEffect_023.png","imgcut":"bgEffect_023.imgcut","model":"bgEffect_023_00.mamodel","anime":"bgEffect_023_00_6.maanim"},"name":"火の粉","count":{"value":50},"x":{"min":{"value":0,"base":"worldLeft"},"max":{"value":500,"base":"worldRight"}},"startX":{"min":{"value":0,"base":"worldLeft"},"max":{"value":500,"base":"worldRight"}},"y":{"value":200,"base":"worldBottom"},"startY":{"min":{"value":0,"base":"worldTop"},"max":{"value":400,"base":"worldBottom"}},"z":{"value":0,"base":"frontChara"},"scale":{"min":{"value":1},"max":{"value":2}},"angle":{"value":0},"alpha":{"min":{"value":200},"max":{"value":255}},"vx":{"min":{"value":-30,"base":"secondToFrame"},"max":{"value":-20,"base":"secondToFrame"}},"vy":{"min":{"value":-50,"base":"secondToFrame"},"max":{"value":-20,"base":"secondToFrame"}},"destroyLeft":{"value":-5,"base":"worldLeft"},"destroyTop":{"value":-100,"base":"worldTop"},"frame":{"min":{"value":0},"max":{"value":80}}}]}