16,12,-1,-1,-1,    //マップ番号 0～16,　アイテム報酬型ステージ設定(-1:OFF),　スコア報酬型ステージ設定(-1:OFF)
2,					//マップパターン 0～
100,1900,30,99,31,10,14,1,0,40,14,1,-1,		//1ステージ
150,2850,31,100,31,10,14,2,0,70,14,1,-1,	//2ステージ
200,3800,30,99,4,10,14,3,0,15,14,2,90,14,1,-1,	//3ステージ


//モンハン大狩猟クエスト【緊急】
//消費統率力			0
//クリア時の獲得XP		1
//サウンド（スタート時）	2
//サウンド ボス出現時の城体力％	3
//サウンド（ボス）		4
//アイテム入手確率		0～100%
//アイテム番号	0:スピードアップ	1:トレジャーレーダー	2:ネコボン	3:ニャンピュータ	4：おかめはちもく	5:スニャイパー
//貰える数		0
