20,230,-1,75,75,    //マップ番号 0～16,　アイテム報酬型ステージ設定(-1:OFF),　スコア報酬型ステージ設定(-1:OFF)
0,					//マップパターン 0～
1001,4000,3,99,33,100,12,1,1,0,1,1,-1,	//1ステージ
1001,4000,32,99,31,100,12,1,1,0,1,1,-1, //2ステージ
1001,4000,3,99,33,100,12,1,1,0,1,1,-1, //3ステージ

//狂乱のもねこ（ネコビタン）
//消費統率力			0
//クリア時の獲得XP		1
//サウンド（スタート時）	2
//サウンド ボス出現時の城体力％	3
//サウンド（ボス）		4
//アイテム入手確率		0～100%
//アイテム番号	0:スピードアップ	1:トレジャーレーダー	2:ネコボン	3:ニャンピュータ	4：おかめはちもく	5:スニャイパー	6:XP	11:にゃんこチケット	12：レアチケット
//貰える数		0
