17,-1,4,-1,-1,    //マップ番号 0～15
2,	//マップパターン 0～
100,3000,31,90,4,100,1119,1,-2,-2,-2,-2,-2,-2,-2,1,2000,1,1,1000,6,500000,500,11,1,-1,			//1ステージ

//消滅都市　３マップ目
//消費統率力			0
//クリア時の獲得XP		1
//サウンド（スタート時）	2
//サウンド ボス出現時の城体力％	3
//サウンド（ボス）		4
//アイテム入手確率		0～100%
//アイテム番号	0:スピードアップ	1:トレジャーレーダー	2:ネコボン	3:ニャンピュータ	4：おかめはちもく	5:スニャイパー	6:XP	11:にゃんこチケット	12：レアチケット	1000自衛隊キャラクター
//貰える数		0