GatyaType	利用形態(0:チケット、1:単発、2:連続、3:プラチナ、4:ステップアップ)	イベントトークン1(UU)	イベントトークン2(total)
0	0	fg9or8	lpi1s0	レアガチャ
0	1	fg9or8	lpi1s0	レアガチャ
0	2	86ccqi	6hk4jl	レアガチャ
0	3	lb8a3g		プラチナガチャ
1	0	khkfjb	fa27vj	ノーマルガチャ
1	1	khkfjb	fa27vj	ノーマルガチャ
1	2	gcy8mo	lukbgr	ノーマルガチャ
2	0			イベントガチャ
2	1			イベントガチャ
2	2			イベントガチャ
