{"data":[{"file":{"image":"bgEffect_000.png","imgcut":"bgEffect_000.imgcut","model":"bgEffect_000_00.mamodel","anime":"bgEffect_000_00_0.maanim"},"name":"奥の瓦礫・大","count":{"value":10},"x":{"min":{"value":-300,"base":"worldLeft"},"max":{"value":0,"base":"worldRight"}},"y":{"min":{"value":280},"max":{"value":320}},"startY":{"min":{"value":-320,"base":"worldTop"},"max":{"value":320}},"z":{"value":0,"base":"backChara"},"scale":{"min":{"value":0.5},"max":{"value":1},"randGroup":"0"},"angle":{"min":{"value":0},"max":{"value":360}},"angularV":{"value":-0.5},"startV":{"value":0.25},"vy":{"min":{"value":-0.35},"max":{"value":-0.675},"randGroup":"0"},"destroyRight":{"value":100,"base":"worldRight"},"destroyTop":{"value":-320,"base":"worldTop"},"frame":{"value":0},"startFrame":{"value":30}},{"file":{"image":"bgEffect_000.png","imgcut":"bgEffect_000.imgcut","model":"bgEffect_000_01.mamodel","anime":"bgEffect_000_01_0.maanim"},"name":"奥の瓦礫・小","count":{"value":10},"x":{"min":{"value":0,"base":"worldLeft"},"max":{"value":0,"base":"worldRight"}},"y":{"min":{"value":280},"max":{"value":320}},"startY":{"min":{"value":-320,"base":"worldTop"},"max":{"value":320}},"z":{"value":0,"base":"backChara"},"scale":{"min":{"value":0.5},"max":{"value":1},"randGroup":"0"},"angle":{"min":{"value":0},"max":{"value":360}},"vy":{"min":{"value":-0.35},"max":{"value":-0.675},"randGroup":"0"},"destroyTop":{"value":-320,"base":"worldTop"},"frame":{"value":0},"startFrame":{"value":30}},{"file":{"image":"bgEffect_000.png","imgcut":"bgEffect_000.imgcut","model":"bgEffect_000_01.mamodel","anime":"bgEffect_000_01_1.maanim"},"name":"手前の瓦礫・小","count":{"value":25},"x":{"min":{"value":-300,"base":"worldLeft"},"max":{"value":0,"base":"worldRight"}},"y":{"value":320,"base":"worldBottom"},"startY":{"min":{"value":-320,"base":"worldTop"},"max":{"value":320,"base":"worldBottom"}},"z":{"value":0,"base":"frontChara"},"scale":{"min":{"value":1},"max":{"value":2},"randGroup":"0"},"angle":{"min":{"value":0},"max":{"value":360}},"startV":{"min":{"value":0.2},"max":{"value":0.5}},"vy":{"min":{"value":-1.4},"max":{"value":-2.7},"randGroup":"0"},"destroyRight":{"value":100,"base":"worldRight"},"destroyTop":{"value":-320,"base":"worldTop"},"frame":{"min":{"value":0},"max":{"value":1}},"startFrame":{"min":{"value":30},"max":{"value":31}}},{"file":{"image":"bgEffect_000.png","imgcut":"bgEffect_000.imgcut","model":"bgEffect_000_02.mamodel","anime":"bgEffect_000_02_0.maanim"},"name":"奥の瓦礫・人型","count":{"value":10},"x":{"min":{"value":-300,"base":"worldLeft"},"max":{"value":0,"base":"worldRight"}},"startX":{"min":{"value":0,"base":"worldLeft"},"max":{"value":0,"base":"worldRight"}},"y":{"min":{"value":300},"max":{"value":0,"base":"worldTop"}},"z":{"value":0,"base":"backChara"},"startScale":{"min":{"value":0.2},"max":{"value":1}},"angle":{"min":{"value":0},"max":{"value":360}},"angularV":{"value":-1},"v":{"min":{"value":0.5},"max":{"value":1}},"startVx":{"min":{"value":1},"max":{"value":2}},"startVy":{"min":{"value":-0.5},"max":{"value":-1}},"destroyRight":{"value":100,"base":"worldRight"},"destroyTop":{"value":-100,"base":"worldTop"},"frame":{"value":0},"startFrame":{"value":30}},{"file":{"image":"bgEffect_000.png","imgcut":"bgEffect_000.imgcut","model":"bgEffect_000_03.mamodel","anime":"bgEffect_000_03_0.maanim"},"name":"奥の瓦礫・3","count":{"value":10},"x":{"min":{"value":-300,"base":"worldLeft"},"max":{"value":0,"base":"worldRight"}},"y":{"min":{"value":-280},"max":{"value":320}},"startY":{"min":{"value":-320,"base":"worldTop"},"max":{"value":500}},"z":{"value":0,"base":"backChara"},"scale":{"min":{"value":0.25},"max":{"value":2},"randGroup":"0"},"angle":{"min":{"value":0},"max":{"value":360}},"angularV":{"value":-1},"startVx":{"min":{"value":1},"max":{"value":2}},"vy":{"min":{"value":-0.35},"max":{"value":-0.675},"randGroup":"0"},"destroyRight":{"value":100,"base":"worldRight"},"destroyTop":{"value":-100,"base":"worldTop"},"frame":{"value":0},"startFrame":{"value":30}},{"file":{"image":"bgEffect_000.png","imgcut":"bgEffect_000.imgcut","model":"bgEffect_000_04.mamodel","anime":"bgEffect_000_04_0.maanim"},"name":"奥の瓦礫・4","count":{"value":5},"x":{"min":{"value":-300,"base":"worldLeft"},"max":{"value":0,"base":"worldRight"}},"y":{"min":{"value":0},"max":{"value":320}},"startY":{"min":{"value":-320,"base":"worldTop"},"max":{"value":320}},"z":{"value":0,"base":"backChara"},"scale":{"min":{"value":0.6},"max":{"value":1.2},"randGroup":"0"},"angle":{"min":{"value":0},"max":{"value":360}},"angularV":{"value":-1},"startVx":{"min":{"value":0.25},"max":{"value":1}},"vy":{"min":{"value":-0.35},"max":{"value":-0.675},"randGroup":"0"},"destroyRight":{"value":100,"base":"worldRight"},"destroyTop":{"value":-100,"base":"worldTop"},"frame":{"value":0},"startFrame":{"value":30}},{"file":{"image":"bgEffect_000.png","imgcut":"bgEffect_000.imgcut","model":"bgEffect_000_05.mamodel","anime":"bgEffect_000_05_0.maanim"},"name":"奥の瓦礫・5","count":{"value":5},"x":{"min":{"value":-300,"base":"worldLeft"},"max":{"value":0,"base":"worldRight"}},"y":{"min":{"value":0},"max":{"value":320}},"startY":{"min":{"value":-320,"base":"worldTop"},"max":{"value":320}},"z":{"value":0,"base":"backChara"},"scale":{"min":{"value":0.6},"max":{"value":2},"randGroup":"0"},"angle":{"min":{"value":0},"max":{"value":360}},"angularV":{"value":-0.5},"startVx":{"min":{"value":0.3},"max":{"value":0.6}},"vy":{"min":{"value":-0.35},"max":{"value":-0.675},"randGroup":"0"},"destroyRight":{"value":100,"base":"worldRight"},"destroyTop":{"value":-100,"base":"worldTop"},"frame":{"value":0},"startFrame":{"value":30}}]}