6,-1,-1,-1,-1,    //マップ番号 0～16,　アイテム報酬型ステージ設定(-1:OFF),　スコア報酬型ステージ設定(-1:OFF)
0,					//マップパターン 0～
85,1615,3,99,33,1,4,1,-1,		//1ステージ
90,1710,32,100,32,1,0,1,-1,		//2ステージ
90,1710,3,90,33,1,3,1,-1,		//3ステージ
95,1805,30,100,30,1,0,1,-1,		//4ステージ
100,1900,31,100,31,1,2,1,-1,		//5ステージ
125,2375,31,90,33,5,6,27000,-1,		//6ステージ


//消費統率力			0
//クリア時の獲得XP		1
//サウンド（スタート時）	2
//サウンド ボス出現時の城体力％	3
//サウンド（ボス）		4
//アイテム入手確率		0～100%
//アイテム番号	0:スピードアップ	1:トレジャーレーダー	2:ネコボン	3:ニャンピュータ	4：おかめはちもく	5:スニャイパー
//貰える数		0