-1,						//アイテム報酬型ステージ設定(-1:OFF)
5,						//全ステージ数
0,99,33,100,33,100,6,10000,-1,			//047_00ステージ
0,99,33,100,33,100,6,62500,-1,			//047_01ステージ
0,99,33,100,33,100,6,125000,-1,			//047_02ステージ
0,99,33,100,33,100,6,265000,-1,			//047_03ステージ
0,99,33,100,33,100,6,540000,-1,			//047_04ステージ


//EXマップ 047
//1行目　　：このEXマップの全ステージ数
//2行目　　：マップ番号によるマップパターン(0～3),
//3行目以降：消費統率力,クリア時の獲得XP,サウンド(スタート時),サウンド(ボス出現時の城体力％),サウンド(ボス),アイテム入手確率,アイテム番号,貰える数,
